-- phpMyAdmin SQL Dump
-- version 5.2.1
-- https://www.phpmyadmin.net/
--
-- Host: 127.0.0.1:3306
-- Generation Time: Jul 22, 2024 at 11:35 AM
-- Server version: 8.2.0
-- PHP Version: 8.2.13

SET SQL_MODE = "NO_AUTO_VALUE_ON_ZERO";
START TRANSACTION;
SET time_zone = "+00:00";


/*!40101 SET @OLD_CHARACTER_SET_CLIENT=@@CHARACTER_SET_CLIENT */;
/*!40101 SET @OLD_CHARACTER_SET_RESULTS=@@CHARACTER_SET_RESULTS */;
/*!40101 SET @OLD_COLLATION_CONNECTION=@@COLLATION_CONNECTION */;
/*!40101 SET NAMES utf8mb4 */;

--
-- Database: `estimatebase`
--

-- --------------------------------------------------------

--
-- Table structure for table `docdetail`
--

DROP TABLE IF EXISTS `docdetail`;
CREATE TABLE IF NOT EXISTS `docdetail` (
  `detail_id` int NOT NULL AUTO_INCREMENT,
  `doc_id` varchar(30) CHARACTER SET utf8mb4 COLLATE utf8mb4_unicode_ci NOT NULL,
  `Item_id` varchar(100) CHARACTER SET utf8mb4 COLLATE utf8mb4_unicode_ci NOT NULL,
  `Item_name` varchar(255) CHARACTER SET utf8mb4 COLLATE utf8mb4_unicode_ci NOT NULL,
  `item_set` varchar(255) CHARACTER SET utf8mb4 COLLATE utf8mb4_unicode_ci DEFAULT NULL,
  `Item_type` varchar(255) CHARACTER SET utf8mb4 COLLATE utf8mb4_unicode_ci DEFAULT NULL,
  `Item_amount` int NOT NULL DEFAULT '1',
  `item_price` double NOT NULL DEFAULT '0',
  `item_uc_price` double NOT NULL DEFAULT '0',
  `item_ofc_price` double NOT NULL DEFAULT '0',
  `detail_total` double NOT NULL DEFAULT '0',
  PRIMARY KEY (`detail_id`),
  KEY `Item_id` (`Item_id`),
  KEY `docdetail_ibfk_1` (`doc_id`)
) ENGINE=InnoDB AUTO_INCREMENT=2821 DEFAULT CHARSET=utf8mb4 COLLATE=utf8mb4_unicode_ci;

--
-- Dumping data for table `docdetail`
--

INSERT INTO `docdetail` (`detail_id`, `doc_id`, `Item_id`, `Item_name`, `item_set`, `Item_type`, `Item_amount`, `item_price`, `item_uc_price`, `item_ofc_price`, `detail_total`) VALUES
(2349, 'DOC001', 'OR0593', 'Appendectomy', 'set001', '', 1, 5000, 0, 0, 5000),
(2350, 'DOC001', '400001589', 'Gauze Sterile 4&quot;X4&quot; 12 Ply (PAC10) X-ray', 'set001', '', 1, 31, 0, 0, 31),
(2351, 'DOC001', '400001932', 'Sterile Glove # 7.5 (White)', 'set001', '', 1, 43, 0, 0, 43),
(2352, 'DOC001', '400001990', 'Prewash 6&quot;x18&quot;x12 Ply X-rayLoop 5&quot; sterile', 'set001', '', 1, 178, 0, 0, 178),
(2353, 'DOC001', '400002550', 'ผ้าปูผ่าตัดทั่วไป (Universal Set)', 'set001', '', 1, 1238, 0, 0, 1238),
(2354, 'DOC001', '400002594', 'Sterile Glove # 6.5 (White)', 'set001', '', 1, 43, 0, 0, 43),
(2355, 'DOC001', '400002595', 'Sterile Glove # 7.0 (White)', 'set001', '', 1, 43, 0, 0, 43),
(2356, 'DOC001', '400002940', 'Surgical Blade # No.10', 'set001', '', 1, 8.75, 0, 0, 8.75),
(2357, 'DOC001', '400003053', 'Steri-Strip 1/4x3 นิ้ว (R1541)', 'set001', '', 1, 22.5, 0, 0, 22.5),
(2358, 'DOC001', '400003070', 'Gauze Sterile 4&quot;X4&quot; 12 Ply (PAC10)', 'set001', '', 1, 31, 0, 0, 31),
(2359, 'DOC001', '400003079', 'NOVOSYN V3/0 75CM. HR26', 'set001', '', 1, 97.5, 0, 0, 97.5),
(2360, 'DOC001', '400003249', 'Dafilon  B 3/0 75CM DS24', 'set001', '', 1, 54.5, 0, 0, 54.5),
(2361, 'DOC001', '400004042', 'Cautery Tip Cleaners', 'set001', '', 1, 31, 0, 0, 31),
(2362, 'DOC001', '400004243', 'Vicryl no1 90cm (VCP359H)', 'set001', '', 1, 192, 0, 0, 192),
(2363, 'DOC001', '400007567', 'SILK 2/0 13x60cm  (W213)', 'set001', '', 1, 109, 0, 0, 109),
(2364, 'DOC001', '400007568', 'SILK 3 13x60 cm. Black', 'set001', '', 1, 101, 0, 0, 101),
(2365, 'DOC001', '400009695', 'Serres Suction bag 3,000 ml. สำหรับ OR', 'set001', '', 1, 109, 0, 0, 109),
(2366, 'DOC001', 'LAB644', 'Appendix', 'set001', '', 1, 240, 0, 0, 240),
(2367, 'DOC001', '21201_1', 'ค่าห้องพิเศษ', '', 'หมวดที่ 1 ค่าห้องและค่าอาหาร', 3, 2500, 0, 0, 7500),
(2368, 'DOC001', 'ORR001', 'ห้องผ่าตัดเล็ก', '', 'หมวดที่ 16 ค่าบริการอื่นๆ ที่ไม่เกี่ยวกับการรักษาโดยตรง', 1, 2000, 0, 0, 2000),
(2369, 'DOC002', 'OR0593', 'Appendectomy', 'set001', '', 1, 5000, 0, 0, 5000),
(2370, 'DOC002', '400001589', 'Gauze Sterile 4&quot;X4&quot; 12 Ply (PAC10) X-ray', 'set001', '', 1, 31, 0, 0, 31),
(2371, 'DOC002', '400001932', 'Sterile Glove # 7.5 (White)', 'set001', '', 1, 43, 0, 0, 43),
(2372, 'DOC002', '400001990', 'Prewash 6&quot;x18&quot;x12 Ply X-rayLoop 5&quot; sterile', 'set001', '', 1, 178, 0, 0, 178),
(2373, 'DOC002', '400002550', 'ผ้าปูผ่าตัดทั่วไป (Universal Set)', 'set001', '', 1, 1238, 0, 0, 1238),
(2374, 'DOC002', '400002594', 'Sterile Glove # 6.5 (White)', 'set001', '', 1, 43, 0, 0, 43),
(2375, 'DOC002', '400002595', 'Sterile Glove # 7.0 (White)', 'set001', '', 1, 43, 0, 0, 43),
(2376, 'DOC002', '400002940', 'Surgical Blade # No.10', 'set001', '', 1, 8.75, 0, 0, 8.75),
(2377, 'DOC002', '400003053', 'Steri-Strip 1/4x3 นิ้ว (R1541)', 'set001', '', 1, 22.5, 0, 0, 22.5),
(2378, 'DOC002', '400003070', 'Gauze Sterile 4&quot;X4&quot; 12 Ply (PAC10)', 'set001', '', 1, 31, 0, 0, 31),
(2379, 'DOC002', '400003079', 'NOVOSYN V3/0 75CM. HR26', 'set001', '', 1, 97.5, 0, 0, 97.5),
(2380, 'DOC002', '400003249', 'Dafilon  B 3/0 75CM DS24', 'set001', '', 1, 54.5, 0, 0, 54.5),
(2381, 'DOC002', '400004042', 'Cautery Tip Cleaners', 'set001', '', 1, 31, 0, 0, 31),
(2382, 'DOC002', '400004243', 'Vicryl no1 90cm (VCP359H)', 'set001', '', 1, 192, 0, 0, 192),
(2383, 'DOC002', '400007567', 'SILK 2/0 13x60cm  (W213)', 'set001', '', 1, 109, 0, 0, 109),
(2384, 'DOC002', '400007568', 'SILK 3 13x60 cm. Black', 'set001', '', 1, 101, 0, 0, 101),
(2385, 'DOC002', '400009695', 'Serres Suction bag 3,000 ml. สำหรับ OR', 'set001', '', 1, 109, 0, 0, 109),
(2386, 'DOC002', 'LAB644', 'Appendix', 'set001', '', 1, 240, 0, 0, 240),
(2387, 'DOC002', '21201_2', 'ค่าห้องพิเศษ (VIP)', '', 'หมวดที่ 1 ค่าห้องและค่าอาหาร', 3, 4000, 0, 0, 12000),
(2388, 'DOC002', 'ORR001', 'ห้องผ่าตัดเล็ก', '', 'หมวดที่ 16 ค่าบริการอื่นๆ ที่ไม่เกี่ยวกับการรักษาโดยตรง', 1, 2000, 0, 0, 2000),
(2389, 'DOC003', 'OR0593', 'Appendectomy', 'set001', '', 1, 5000, 0, 0, 5000),
(2390, 'DOC003', '400001589', 'Gauze Sterile 4&quot;X4&quot; 12 Ply (PAC10) X-ray', 'set001', '', 1, 31, 0, 0, 31),
(2391, 'DOC003', '400001932', 'Sterile Glove # 7.5 (White)', 'set001', '', 1, 43, 0, 0, 43),
(2392, 'DOC003', '400001990', 'Prewash 6&quot;x18&quot;x12 Ply X-rayLoop 5&quot; sterile', 'set001', '', 1, 178, 0, 0, 178),
(2393, 'DOC003', '400002550', 'ผ้าปูผ่าตัดทั่วไป (Universal Set)', 'set001', '', 1, 1238, 0, 0, 1238),
(2394, 'DOC003', '400002594', 'Sterile Glove # 6.5 (White)', 'set001', '', 1, 43, 0, 0, 43),
(2395, 'DOC003', '400002595', 'Sterile Glove # 7.0 (White)', 'set001', '', 1, 43, 0, 0, 43),
(2396, 'DOC003', '400002940', 'Surgical Blade # No.10', 'set001', '', 1, 8.75, 0, 0, 8.75),
(2397, 'DOC003', '400003053', 'Steri-Strip 1/4x3 นิ้ว (R1541)', 'set001', '', 1, 22.5, 0, 0, 22.5),
(2398, 'DOC003', '400003070', 'Gauze Sterile 4&quot;X4&quot; 12 Ply (PAC10)', 'set001', '', 1, 31, 0, 0, 31),
(2399, 'DOC003', '400003079', 'NOVOSYN V3/0 75CM. HR26', 'set001', '', 1, 97.5, 0, 0, 97.5),
(2400, 'DOC003', '400003249', 'Dafilon  B 3/0 75CM DS24', 'set001', '', 1, 54.5, 0, 0, 54.5),
(2401, 'DOC003', '400004042', 'Cautery Tip Cleaners', 'set001', '', 1, 31, 0, 0, 31),
(2402, 'DOC003', '400004243', 'Vicryl no1 90cm (VCP359H)', 'set001', '', 1, 192, 0, 0, 192),
(2403, 'DOC003', '400007567', 'SILK 2/0 13x60cm  (W213)', 'set001', '', 1, 109, 0, 0, 109),
(2404, 'DOC003', '400007568', 'SILK 3 13x60 cm. Black', 'set001', '', 1, 101, 0, 0, 101),
(2405, 'DOC003', '400009695', 'Serres Suction bag 3,000 ml. สำหรับ OR', 'set001', '', 1, 109, 0, 0, 109),
(2406, 'DOC003', 'LAB644', 'Appendix', 'set001', '', 1, 240, 0, 0, 240),
(2407, 'DOC003', '21201_1', 'ค่าห้องพิเศษ', '', 'หมวดที่ 1 ค่าห้องและค่าอาหาร', 1, 2500, 0, 0, 2500),
(2408, 'DOC003', 'ORR001', 'ห้องผ่าตัดเล็ก', '', 'หมวดที่ 16 ค่าบริการอื่นๆ ที่ไม่เกี่ยวกับการรักษาโดยตรง', 1, 2000, 0, 0, 2000),
(2409, 'DOC003', 'OTHER001', 'ใบรับรองแพทย์&#039;s', '', '', 1, 100, 0, 0, 100),
(2410, 'DOC004', 'OR0593', 'Appendectomy', 'set001', '', 1, 5000, 0, 0, 5000),
(2411, 'DOC004', '400001589', 'Gauze Sterile 4\"X4\" 12 Ply (PAC10) X-ray', 'set001', '', 1, 31, 0, 0, 31),
(2412, 'DOC004', '400001932', 'Sterile Glove # 7.5 (White)', 'set001', '', 1, 43, 0, 0, 43),
(2413, 'DOC004', '400001990', 'Prewash 6\"x18\"x12 Ply X-rayLoop 5\" sterile', 'set001', '', 1, 178, 0, 0, 178),
(2414, 'DOC004', '400002550', 'ผ้าปูผ่าตัดทั่วไป (Universal Set)', 'set001', '', 1, 1238, 0, 0, 1238),
(2415, 'DOC004', '400002594', 'Sterile Glove # 6.5 (White)', 'set001', '', 1, 43, 0, 0, 43),
(2416, 'DOC004', '400002595', 'Sterile Glove # 7.0 (White)', 'set001', '', 1, 43, 0, 0, 43),
(2417, 'DOC004', '400002940', 'Surgical Blade # No.10', 'set001', '', 1, 8.75, 0, 0, 8.75),
(2418, 'DOC004', '400003053', 'Steri-Strip 1/4x3 นิ้ว (R1541)', 'set001', '', 1, 22.5, 0, 0, 22.5),
(2419, 'DOC004', '400003070', 'Gauze Sterile 4\"X4\" 12 Ply (PAC10)', 'set001', '', 1, 31, 0, 0, 31),
(2420, 'DOC004', '400003079', 'NOVOSYN V3/0 75CM. HR26', 'set001', '', 1, 97.5, 0, 0, 97.5),
(2421, 'DOC004', '400003249', 'Dafilon  B 3/0 75CM DS24', 'set001', '', 1, 54.5, 0, 0, 54.5),
(2422, 'DOC004', '400004042', 'Cautery Tip Cleaners', 'set001', '', 1, 31, 0, 0, 31),
(2423, 'DOC004', '400004243', 'Vicryl no1 90cm (VCP359H)', 'set001', '', 1, 192, 0, 0, 192),
(2424, 'DOC004', '400007567', 'SILK 2/0 13x60cm  (W213)', 'set001', '', 1, 109, 0, 0, 109),
(2425, 'DOC004', '400007568', 'SILK 3 13x60 cm. Black', 'set001', '', 1, 101, 0, 0, 101),
(2426, 'DOC004', '400009695', 'Serres Suction bag 3,000 ml. สำหรับ OR', 'set001', '', 1, 109, 0, 0, 109),
(2427, 'DOC004', 'LAB644', 'Appendix', 'set001', '', 1, 240, 0, 0, 240),
(2428, 'DOC004', '21201_1', 'ค่าห้องพิเศษ', '', 'หมวดที่ 1 ค่าห้องและค่าอาหาร', 1, 2500, 0, 0, 2500),
(2429, 'DOC004', 'ORR002', 'ค่าห้องผ่าตัดใหญ่', '', 'หมวดที่ 16 ค่าบริการอื่นๆ ที่ไม่เกี่ยวกับการรักษาโดยตรง', 1, 4500, 0, 0, 4500),
(2430, 'DOC005', 'OR0593', 'Appendectomy', 'set001', '', 1, 5000, 0, 0, 5000),
(2431, 'DOC005', '400001589', 'Gauze Sterile 4&quot;X4&quot; 12 Ply (PAC10) X-ray', 'set001', '', 1, 31, 0, 0, 31),
(2432, 'DOC005', '400001932', 'Sterile Glove # 7.5 (White)', 'set001', '', 1, 43, 0, 0, 43),
(2433, 'DOC005', '400001990', 'Prewash 6&quot;x18&quot;x12 Ply X-rayLoop 5&quot; sterile', 'set001', '', 1, 178, 0, 0, 178),
(2434, 'DOC005', '400002550', 'ผ้าปูผ่าตัดทั่วไป (Universal Set)', 'set001', '', 1, 1238, 0, 0, 1238),
(2435, 'DOC005', '400002594', 'Sterile Glove # 6.5 (White)', 'set001', '', 1, 43, 0, 0, 43),
(2436, 'DOC005', '400002595', 'Sterile Glove # 7.0 (White)', 'set001', '', 1, 43, 0, 0, 43),
(2437, 'DOC005', '400002940', 'Surgical Blade # No.10', 'set001', '', 1, 8.75, 0, 0, 8.75),
(2438, 'DOC005', '400003053', 'Steri-Strip 1/4x3 นิ้ว (R1541)', 'set001', '', 1, 22.5, 0, 0, 22.5),
(2439, 'DOC005', '400003070', 'Gauze Sterile 4&quot;X4&quot; 12 Ply (PAC10)', 'set001', '', 1, 31, 0, 0, 31),
(2440, 'DOC005', '400003079', 'NOVOSYN V3/0 75CM. HR26', 'set001', '', 1, 97.5, 0, 0, 97.5),
(2441, 'DOC005', '400003249', 'Dafilon  B 3/0 75CM DS24', 'set001', '', 1, 54.5, 0, 0, 54.5),
(2442, 'DOC005', '400004042', 'Cautery Tip Cleaners', 'set001', '', 1, 31, 0, 0, 31),
(2443, 'DOC005', '400004243', 'Vicryl no1 90cm (VCP359H)', 'set001', '', 1, 192, 0, 0, 192),
(2444, 'DOC005', '400007567', 'SILK 2/0 13x60cm  (W213)', 'set001', '', 1, 109, 0, 0, 109),
(2445, 'DOC005', '400007568', 'SILK 3 13x60 cm. Black', 'set001', '', 1, 101, 0, 0, 101),
(2446, 'DOC005', '400009695', 'Serres Suction bag 3,000 ml. สำหรับ OR', 'set001', '', 1, 109, 0, 0, 109),
(2447, 'DOC005', 'LAB644', 'Appendix', 'set001', '', 1, 240, 0, 0, 240),
(2448, 'DOC005', '21201_1', 'ค่าห้องพิเศษ', '', 'หมวดที่ 1 ค่าห้องและค่าอาหาร', 1, 2500, 0, 0, 2500),
(2449, 'DOC005', 'ORR002', 'ค่าห้องผ่าตัดใหญ่', '', 'หมวดที่ 16 ค่าบริการอื่นๆ ที่ไม่เกี่ยวกับการรักษาโดยตรง', 1, 4500, 0, 0, 4500),
(2450, 'DOC005', 'OTHER002', 'hhh&#039;s', '', '', 1, 200, 0, 0, 200),
(2451, 'DOC006', 'OR0593', 'Appendectomy', 'set001', '', 1, 5000, 0, 0, 5000),
(2452, 'DOC006', '400001589', 'Gauze Sterile 4&quot;X4&quot; 12 Ply (PAC10) X-ray', 'set001', '', 1, 31, 0, 0, 31),
(2453, 'DOC006', '400001932', 'Sterile Glove # 7.5 (White)', 'set001', '', 1, 43, 0, 0, 43),
(2454, 'DOC006', '400001990', 'Prewash 6&quot;x18&quot;x12 Ply X-rayLoop 5&quot; sterile', 'set001', '', 1, 178, 0, 0, 178),
(2455, 'DOC006', '400002550', 'ผ้าปูผ่าตัดทั่วไป (Universal Set)', 'set001', '', 1, 1238, 0, 0, 1238),
(2456, 'DOC006', '400002594', 'Sterile Glove # 6.5 (White)', 'set001', '', 1, 43, 0, 0, 43),
(2457, 'DOC006', '400002595', 'Sterile Glove # 7.0 (White)', 'set001', '', 1, 43, 0, 0, 43),
(2458, 'DOC006', '400002940', 'Surgical Blade # No.10', 'set001', '', 1, 8.75, 0, 0, 8.75),
(2459, 'DOC006', '400003053', 'Steri-Strip 1/4x3 นิ้ว (R1541)', 'set001', '', 1, 22.5, 0, 0, 22.5),
(2460, 'DOC006', '400003070', 'Gauze Sterile 4&quot;X4&quot; 12 Ply (PAC10)', 'set001', '', 1, 31, 0, 0, 31),
(2461, 'DOC006', '400003079', 'NOVOSYN V3/0 75CM. HR26', 'set001', '', 1, 97.5, 0, 0, 97.5),
(2462, 'DOC006', '400003249', 'Dafilon  B 3/0 75CM DS24', 'set001', '', 1, 54.5, 0, 0, 54.5),
(2463, 'DOC006', '400004042', 'Cautery Tip Cleaners', 'set001', '', 1, 31, 0, 0, 31),
(2464, 'DOC006', '400004243', 'Vicryl no1 90cm (VCP359H)', 'set001', '', 1, 192, 0, 0, 192),
(2465, 'DOC006', '400007567', 'SILK 2/0 13x60cm  (W213)', 'set001', '', 1, 109, 0, 0, 109),
(2466, 'DOC006', '400007568', 'SILK 3 13x60 cm. Black', 'set001', '', 1, 101, 0, 0, 101),
(2467, 'DOC006', '400009695', 'Serres Suction bag 3,000 ml. สำหรับ OR', 'set001', '', 1, 109, 0, 0, 109),
(2468, 'DOC006', 'LAB644', 'Appendix', 'set001', '', 1, 240, 0, 0, 240),
(2469, 'DOC006', '21201_1', 'ค่าห้องพิเศษ', '', 'หมวดที่ 1 ค่าห้องและค่าอาหาร', 1, 2500, 0, 0, 2500),
(2470, 'DOC006', 'ORR002', 'ค่าห้องผ่าตัดใหญ่', '', 'หมวดที่ 16 ค่าบริการอื่นๆ ที่ไม่เกี่ยวกับการรักษาโดยตรง', 1, 4500, 0, 0, 4500),
(2471, 'DOC006', 'OTHER003', 'hhh&#039;s', '', '', 1, 200, 0, 0, 200),
(2472, 'DOC007', 'OR0593', 'Appendectomy', 'set001', '', 1, 5000, 0, 0, 5000),
(2473, 'DOC007', '400001589', 'Gauze Sterile 4&quot;X4&quot; 12 Ply (PAC10) X-ray', 'set001', '', 1, 31, 0, 0, 31),
(2474, 'DOC007', '400001932', 'Sterile Glove # 7.5 (White)', 'set001', '', 1, 43, 0, 0, 43),
(2475, 'DOC007', '400001990', 'Prewash 6&quot;x18&quot;x12 Ply X-rayLoop 5&quot; sterile', 'set001', '', 1, 178, 0, 0, 178),
(2476, 'DOC007', '400002550', 'ผ้าปูผ่าตัดทั่วไป (Universal Set)', 'set001', '', 1, 1238, 0, 0, 1238),
(2477, 'DOC007', '400002594', 'Sterile Glove # 6.5 (White)', 'set001', '', 1, 43, 0, 0, 43),
(2478, 'DOC007', '400002595', 'Sterile Glove # 7.0 (White)', 'set001', '', 1, 43, 0, 0, 43),
(2479, 'DOC007', '400002940', 'Surgical Blade # No.10', 'set001', '', 1, 8.75, 0, 0, 8.75),
(2480, 'DOC007', '400003053', 'Steri-Strip 1/4x3 นิ้ว (R1541)', 'set001', '', 1, 22.5, 0, 0, 22.5),
(2481, 'DOC007', '400003070', 'Gauze Sterile 4&quot;X4&quot; 12 Ply (PAC10)', 'set001', '', 1, 31, 0, 0, 31),
(2482, 'DOC007', '400003079', 'NOVOSYN V3/0 75CM. HR26', 'set001', '', 1, 97.5, 0, 0, 97.5),
(2483, 'DOC007', '400003249', 'Dafilon  B 3/0 75CM DS24', 'set001', '', 1, 54.5, 0, 0, 54.5),
(2484, 'DOC007', '400004042', 'Cautery Tip Cleaners', 'set001', '', 1, 31, 0, 0, 31),
(2485, 'DOC007', '400004243', 'Vicryl no1 90cm (VCP359H)', 'set001', '', 1, 192, 0, 0, 192),
(2486, 'DOC007', '400007567', 'SILK 2/0 13x60cm  (W213)', 'set001', '', 1, 109, 0, 0, 109),
(2487, 'DOC007', '400007568', 'SILK 3 13x60 cm. Black', 'set001', '', 1, 101, 0, 0, 101),
(2488, 'DOC007', '400009695', 'Serres Suction bag 3,000 ml. สำหรับ OR', 'set001', '', 1, 109, 0, 0, 109),
(2489, 'DOC007', 'LAB644', 'Appendix', 'set001', '', 1, 240, 0, 0, 240),
(2490, 'DOC007', '21201_1', 'ค่าห้องพิเศษ', '', 'หมวดที่ 1 ค่าห้องและค่าอาหาร', 1, 2500, 0, 0, 2500),
(2491, 'DOC007', 'ORR002', 'ค่าห้องผ่าตัดใหญ่', '', 'หมวดที่ 16 ค่าบริการอื่นๆ ที่ไม่เกี่ยวกับการรักษาโดยตรง', 1, 4500, 0, 0, 4500),
(2492, 'DOC007', 'OTHER004', 'hhh&#039;s', '', '', 1, 200, 0, 0, 200),
(2493, 'DOC007', 'OTHER005', 'gggg&quot;s', '', '', 1, 100, 0, 0, 100),
(2494, 'DOC008', 'OR0593', 'Appendectomy', 'set001', '', 1, 5000, 0, 0, 5000),
(2495, 'DOC008', '400001589', 'Gauze Sterile 4&quot;X4&quot; 12 Ply (PAC10) X-ray', 'set001', '', 1, 31, 0, 0, 31),
(2496, 'DOC008', '400001932', 'Sterile Glove # 7.5 (White)', 'set001', '', 1, 43, 0, 0, 43),
(2497, 'DOC008', '400001990', 'Prewash 6&quot;x18&quot;x12 Ply X-rayLoop 5&quot; sterile', 'set001', '', 1, 178, 0, 0, 178),
(2498, 'DOC008', '400002550', 'ผ้าปูผ่าตัดทั่วไป (Universal Set)', 'set001', '', 1, 1238, 0, 0, 1238),
(2499, 'DOC008', '400002594', 'Sterile Glove # 6.5 (White)', 'set001', '', 1, 43, 0, 0, 43),
(2500, 'DOC008', '400002595', 'Sterile Glove # 7.0 (White)', 'set001', '', 1, 43, 0, 0, 43),
(2501, 'DOC008', '400002940', 'Surgical Blade # No.10', 'set001', '', 1, 8.75, 0, 0, 8.75),
(2502, 'DOC008', '400003053', 'Steri-Strip 1/4x3 นิ้ว (R1541)', 'set001', '', 1, 22.5, 0, 0, 22.5),
(2503, 'DOC008', '400003070', 'Gauze Sterile 4&quot;X4&quot; 12 Ply (PAC10)', 'set001', '', 1, 31, 0, 0, 31),
(2504, 'DOC008', '400003079', 'NOVOSYN V3/0 75CM. HR26', 'set001', '', 1, 97.5, 0, 0, 97.5),
(2505, 'DOC008', '400003249', 'Dafilon  B 3/0 75CM DS24', 'set001', '', 1, 54.5, 0, 0, 54.5),
(2506, 'DOC008', '400004042', 'Cautery Tip Cleaners', 'set001', '', 1, 31, 0, 0, 31),
(2507, 'DOC008', '400004243', 'Vicryl no1 90cm (VCP359H)', 'set001', '', 1, 192, 0, 0, 192),
(2508, 'DOC008', '400007567', 'SILK 2/0 13x60cm  (W213)', 'set001', '', 1, 109, 0, 0, 109),
(2509, 'DOC008', '400007568', 'SILK 3 13x60 cm. Black', 'set001', '', 1, 101, 0, 0, 101),
(2510, 'DOC008', '400009695', 'Serres Suction bag 3,000 ml. สำหรับ OR', 'set001', '', 1, 109, 0, 0, 109),
(2511, 'DOC008', 'LAB644', 'Appendix', 'set001', '', 1, 240, 0, 0, 240),
(2512, 'DOC008', '21201_2', 'ค่าห้องพิเศษ (VIP)', '', 'หมวดที่ 1 ค่าห้องและค่าอาหาร', 1, 4000, 0, 0, 4000),
(2513, 'DOC008', 'ORR002', 'ค่าห้องผ่าตัดใหญ่', '', 'หมวดที่ 16 ค่าบริการอื่นๆ ที่ไม่เกี่ยวกับการรักษาโดยตรง', 1, 4500, 0, 0, 4500),
(2514, 'DOC008', 'OTHER006', 'hhh&#039;s', '', '', 1, 200, 0, 0, 200),
(2515, 'DOC008', 'OTHER007', 'gggg&quot;s', '', '', 1, 100, 0, 0, 100),
(2516, 'DOC009', 'OR0593', 'Appendectomy', 'set002', '', 1, 5000, 2500, 3000, 5000),
(2517, 'DOC009', '400001589', 'Gauze Sterile 4&quot;X4&quot; 12 Ply (PAC10) X-ray', 'set002', '', 1, 31, 31, 31, 31),
(2518, 'DOC009', '400001932', 'Sterile Glove # 7.5 (White)', 'set002', '', 1, 43, 0, 0, 43),
(2519, 'DOC009', '400001990', 'Prewash 6&quot;x18&quot;x12 Ply X-rayLoop 5&quot; sterile', 'set002', '', 1, 178, 0, 0, 178),
(2520, 'DOC009', '400002550', 'ผ้าปูผ่าตัดทั่วไป (Universal Set)', 'set002', '', 1, 1238, 1000, 500, 1238),
(2521, 'DOC009', '400002594', 'Sterile Glove # 6.5 (White)', 'set002', '', 1, 43, 0, 0, 43),
(2522, 'DOC009', '400002595', 'Sterile Glove # 7.0 (White)', 'set002', '', 1, 43, 0, 0, 43),
(2523, 'DOC009', '400002940', 'Surgical Blade # No.10', 'set002', '', 1, 8.75, 0, 0, 8.75),
(2524, 'DOC009', '400003053', 'Steri-Strip 1/4x3 นิ้ว (R1541)', 'set002', '', 1, 22.5, 0, 0, 22.5),
(2525, 'DOC009', '400003070', 'Gauze Sterile 4&quot;X4&quot; 12 Ply (PAC10)', 'set002', '', 1, 31, 0, 0, 31),
(2526, 'DOC009', '400003079', 'NOVOSYN V3/0 75CM. HR26', 'set002', '', 1, 97.5, 0, 0, 97.5),
(2527, 'DOC009', '400003249', 'Dafilon  B 3/0 75CM DS24', 'set002', '', 1, 54.5, 0, 0, 54.5),
(2528, 'DOC009', '400004042', 'Cautery Tip Cleaners', 'set002', '', 1, 31, 0, 0, 31),
(2529, 'DOC009', '400004243', 'Vicryl no1 90cm (VCP359H)', 'set002', '', 1, 192, 0, 0, 192),
(2530, 'DOC009', '400007567', 'SILK 2/0 13x60cm  (W213)', 'set002', '', 1, 109, 0, 0, 109),
(2531, 'DOC009', '400007568', 'SILK 3 13x60 cm. Black', 'set002', '', 1, 101, 0, 0, 101),
(2532, 'DOC009', '400009695', 'Serres Suction bag 3,000 ml. สำหรับ OR', 'set002', '', 1, 109, 0, 0, 109),
(2533, 'DOC009', 'LAB644', 'Appendix', 'set002', '', 1, 240, 0, 0, 240),
(2534, 'DOC009', 'LX0001', 'ความดัน', '', 'LAB', 1, 500, 0, 0, 500),
(2535, 'DOC009', '21201_1', 'ค่าห้องพิเศษ', '', 'หมวดที่ 1 ค่าห้องและค่าอาหาร', 1, 2500, 0, 0, 2500),
(2536, 'DOC009', '21201_2', 'ค่าห้องพิเศษ (VIP)', '', 'หมวดที่ 1 ค่าห้องและค่าอาหาร', 2, 4000, 0, 0, 8000),
(2537, 'DOC009', 'ORR001', 'ห้องผ่าตัดเล็ก', '', 'หมวดที่ 16 ค่าบริการอื่นๆ ที่ไม่เกี่ยวกับการรักษาโดยตรง', 1, 2000, 0, 0, 2000),
(2538, 'DOC009', 'OTHER008', 'ใบรับรองแพทย์', '', '', 1, 1, 0, 0, 1),
(2539, 'DOC0010', 'OR0593', 'Appendectomy', 'set002', '', 1, 5000, 2500, 3000, 5000),
(2540, 'DOC0010', '400001589', 'Gauze Sterile 4&quot;X4&quot; 12 Ply (PAC10) X-ray', 'set002', '', 1, 31, 31, 31, 31),
(2541, 'DOC0010', '400001932', 'Sterile Glove # 7.5 (White)', 'set002', '', 1, 43, 0, 0, 43),
(2542, 'DOC0010', '400001990', 'Prewash 6&quot;x18&quot;x12 Ply X-rayLoop 5&quot; sterile', 'set002', '', 1, 178, 0, 0, 178),
(2543, 'DOC0010', '400002550', 'ผ้าปูผ่าตัดทั่วไป (Universal Set)', 'set002', '', 1, 1238, 1000, 500, 1238),
(2544, 'DOC0010', '400002594', 'Sterile Glove # 6.5 (White)', 'set002', '', 1, 43, 0, 0, 43),
(2545, 'DOC0010', '400002595', 'Sterile Glove # 7.0 (White)', 'set002', '', 1, 43, 0, 0, 43),
(2546, 'DOC0010', '400002940', 'Surgical Blade # No.10', 'set002', '', 1, 8.75, 0, 0, 8.75),
(2547, 'DOC0010', '400003053', 'Steri-Strip 1/4x3 นิ้ว (R1541)', 'set002', '', 1, 22.5, 0, 0, 22.5),
(2548, 'DOC0010', '400003070', 'Gauze Sterile 4&quot;X4&quot; 12 Ply (PAC10)', 'set002', '', 1, 31, 0, 0, 31),
(2549, 'DOC0010', '400003079', 'NOVOSYN V3/0 75CM. HR26', 'set002', '', 1, 97.5, 0, 0, 97.5),
(2550, 'DOC0010', '400003249', 'Dafilon  B 3/0 75CM DS24', 'set002', '', 1, 54.5, 0, 0, 54.5),
(2551, 'DOC0010', '400004042', 'Cautery Tip Cleaners', 'set002', '', 1, 31, 0, 0, 31),
(2552, 'DOC0010', '400004243', 'Vicryl no1 90cm (VCP359H)', 'set002', '', 1, 192, 0, 0, 192),
(2553, 'DOC0010', '400007567', 'SILK 2/0 13x60cm  (W213)', 'set002', '', 1, 109, 0, 0, 109),
(2554, 'DOC0010', '400007568', 'SILK 3 13x60 cm. Black', 'set002', '', 1, 101, 0, 0, 101),
(2555, 'DOC0010', '400009695', 'Serres Suction bag 3,000 ml. สำหรับ OR', 'set002', '', 1, 109, 0, 0, 109),
(2556, 'DOC0010', 'LAB644', 'Appendix', 'set002', '', 1, 240, 0, 0, 240),
(2557, 'DOC0010', 'LX0001', 'ความดัน', '', 'LAB', 1, 500, 0, 0, 500),
(2558, 'DOC0010', '21201_1', 'ค่าห้องพิเศษ', '', 'หมวดที่ 1 ค่าห้องและค่าอาหาร', 1, 2500, 0, 0, 2500),
(2559, 'DOC0010', '21201_2', 'ค่าห้องพิเศษ (VIP)', '', 'หมวดที่ 1 ค่าห้องและค่าอาหาร', 2, 4000, 0, 0, 8000),
(2560, 'DOC0010', 'ORR001', 'ห้องผ่าตัดเล็ก', '', 'หมวดที่ 16 ค่าบริการอื่นๆ ที่ไม่เกี่ยวกับการรักษาโดยตรง', 1, 2000, 0, 0, 2000),
(2561, 'DOC0010', 'OTHER009', 'ใบรับรองแพทย์', '', '', 1, 1, 0, 0, 1),
(2562, 'DOC0011', 'OR0593', 'Appendectomy', 'set002', '', 1, 5000, 2500, 3000, 5000),
(2563, 'DOC0011', '400001589', 'Gauze Sterile 4&quot;X4&quot; 12 Ply (PAC10) X-ray', 'set002', '', 1, 31, 31, 31, 31),
(2564, 'DOC0011', '400001932', 'Sterile Glove # 7.5 (White)', 'set002', '', 1, 43, 0, 0, 43),
(2565, 'DOC0011', '400001990', 'Prewash 6&quot;x18&quot;x12 Ply X-rayLoop 5&quot; sterile', 'set002', '', 1, 178, 0, 0, 178),
(2566, 'DOC0011', '400002550', 'ผ้าปูผ่าตัดทั่วไป (Universal Set)', 'set002', '', 1, 1238, 1000, 500, 1238),
(2567, 'DOC0011', '400002594', 'Sterile Glove # 6.5 (White)', 'set002', '', 1, 43, 0, 0, 43),
(2568, 'DOC0011', '400002595', 'Sterile Glove # 7.0 (White)', 'set002', '', 1, 43, 0, 0, 43),
(2569, 'DOC0011', '400002940', 'Surgical Blade # No.10', 'set002', '', 1, 8.75, 0, 0, 8.75),
(2570, 'DOC0011', '400003053', 'Steri-Strip 1/4x3 นิ้ว (R1541)', 'set002', '', 1, 22.5, 0, 0, 22.5),
(2571, 'DOC0011', '400003070', 'Gauze Sterile 4&quot;X4&quot; 12 Ply (PAC10)', 'set002', '', 1, 31, 0, 0, 31),
(2572, 'DOC0011', '400003079', 'NOVOSYN V3/0 75CM. HR26', 'set002', '', 1, 97.5, 0, 0, 97.5),
(2573, 'DOC0011', '400003249', 'Dafilon  B 3/0 75CM DS24', 'set002', '', 1, 54.5, 0, 0, 54.5),
(2574, 'DOC0011', '400004042', 'Cautery Tip Cleaners', 'set002', '', 1, 31, 0, 0, 31),
(2575, 'DOC0011', '400004243', 'Vicryl no1 90cm (VCP359H)', 'set002', '', 1, 192, 0, 0, 192),
(2576, 'DOC0011', '400007567', 'SILK 2/0 13x60cm  (W213)', 'set002', '', 1, 109, 0, 0, 109),
(2577, 'DOC0011', '400007568', 'SILK 3 13x60 cm. Black', 'set002', '', 1, 101, 0, 0, 101),
(2578, 'DOC0011', '400009695', 'Serres Suction bag 3,000 ml. สำหรับ OR', 'set002', '', 1, 109, 0, 0, 109),
(2579, 'DOC0011', 'LAB644', 'Appendix', 'set002', '', 1, 240, 0, 0, 240),
(2580, 'DOC0011', 'LX0001', 'ความดัน', '', 'LAB', 1, 500, 0, 0, 500),
(2581, 'DOC0011', '21201_1', 'ค่าห้องพิเศษ', '', 'หมวดที่ 1 ค่าห้องและค่าอาหาร', 1, 2500, 0, 0, 2500),
(2582, 'DOC0011', '21201_2', 'ค่าห้องพิเศษ (VIP)', '', 'หมวดที่ 1 ค่าห้องและค่าอาหาร', 2, 4000, 0, 0, 8000),
(2583, 'DOC0011', 'ORR001', 'ห้องผ่าตัดเล็ก', '', 'หมวดที่ 16 ค่าบริการอื่นๆ ที่ไม่เกี่ยวกับการรักษาโดยตรง', 1, 2000, 0, 0, 2000),
(2584, 'DOC0011', 'OTHER0010', 'ใบรับรองแพทย์', '', '', 1, 1, 0, 0, 1),
(2585, 'DOC0012', 'OR0593', 'Appendectomy', 'set002', '', 1, 5000, 2500, 3000, 5000),
(2586, 'DOC0012', '400001589', 'Gauze Sterile 4&quot;X4&quot; 12 Ply (PAC10) X-ray', 'set002', '', 1, 31, 31, 31, 31),
(2587, 'DOC0012', '400001932', 'Sterile Glove # 7.5 (White)', 'set002', '', 1, 43, 0, 0, 43),
(2588, 'DOC0012', '400001990', 'Prewash 6&quot;x18&quot;x12 Ply X-rayLoop 5&quot; sterile', 'set002', '', 1, 178, 0, 0, 178),
(2589, 'DOC0012', '400002550', 'ผ้าปูผ่าตัดทั่วไป (Universal Set)', 'set002', '', 1, 1238, 1000, 500, 1238),
(2590, 'DOC0012', '400002594', 'Sterile Glove # 6.5 (White)', 'set002', '', 1, 43, 0, 200, 43),
(2591, 'DOC0012', '400002595', 'Sterile Glove # 7.0 (White)', 'set002', '', 1, 43, 0, 0, 43),
(2592, 'DOC0012', '400002940', 'Surgical Blade # No.10', 'set002', '', 1, 8.75, 0, 0, 8.75),
(2593, 'DOC0012', '400003053', 'Steri-Strip 1/4x3 นิ้ว (R1541)', 'set002', '', 1, 22.5, 0, 0, 22.5),
(2594, 'DOC0012', '400003070', 'Gauze Sterile 4&quot;X4&quot; 12 Ply (PAC10)', 'set002', '', 1, 31, 0, 0, 31),
(2595, 'DOC0012', '400003079', 'NOVOSYN V3/0 75CM. HR26', 'set002', '', 1, 97.5, 0, 0, 97.5),
(2596, 'DOC0012', '400003249', 'Dafilon  B 3/0 75CM DS24', 'set002', '', 1, 54.5, 0, 0, 54.5),
(2597, 'DOC0012', '400004042', 'Cautery Tip Cleaners', 'set002', '', 1, 31, 0, 0, 31),
(2598, 'DOC0012', '400004243', 'Vicryl no1 90cm (VCP359H)', 'set002', '', 1, 192, 0, 0, 192),
(2599, 'DOC0012', '400007567', 'SILK 2/0 13x60cm  (W213)', 'set002', '', 1, 109, 0, 0, 109),
(2600, 'DOC0012', '400007568', 'SILK 3 13x60 cm. Black', 'set002', '', 1, 101, 0, 0, 101),
(2601, 'DOC0012', '400009695', 'Serres Suction bag 3,000 ml. สำหรับ OR', 'set002', '', 1, 109, 0, 0, 109),
(2602, 'DOC0012', 'LAB644', 'Appendix', 'set002', '', 1, 240, 0, 0, 240),
(2603, 'DOC0012', 'LX0001', 'ความดัน', '', 'LAB', 1, 500, 0, 0, 500),
(2604, 'DOC0012', '21201_1', 'ค่าห้องพิเศษ', '', 'หมวดที่ 1 ค่าห้องและค่าอาหาร', 1, 2500, 0, 0, 2500),
(2605, 'DOC0012', '21201_2', 'ค่าห้องพิเศษ (VIP)', '', 'หมวดที่ 1 ค่าห้องและค่าอาหาร', 2, 4000, 0, 0, 8000),
(2606, 'DOC0012', 'ORR001', 'ห้องผ่าตัดเล็ก', '', 'หมวดที่ 16 ค่าบริการอื่นๆ ที่ไม่เกี่ยวกับการรักษาโดยตรง', 1, 2000, 0, 0, 2000),
(2607, 'DOC0012', 'OTHER0011', 'ใบรับรองแพทย์', '', '', 1, 1, 0, 0, 1),
(2608, 'DOC0013', 'OR0593', 'Appendectomy', 'set002', '', 1, 5000, 2500, 3000, 5000),
(2609, 'DOC0013', '400001589', 'Gauze Sterile 4&quot;X4&quot; 12 Ply (PAC10) X-ray', 'set002', '', 1, 31, 31, 31, 31),
(2610, 'DOC0013', '400001932', 'Sterile Glove # 7.5 (White)', 'set002', '', 1, 43, 0, 0, 43),
(2611, 'DOC0013', '400001990', 'Prewash 6&quot;x18&quot;x12 Ply X-rayLoop 5&quot; sterile', 'set002', '', 1, 178, 0, 0, 178),
(2612, 'DOC0013', '400002550', 'ผ้าปูผ่าตัดทั่วไป (Universal Set)', 'set002', '', 1, 1238, 1000, 500, 1238),
(2613, 'DOC0013', '400002594', 'Sterile Glove # 6.5 (White)', 'set002', '', 1, 43, 0, 200, 43),
(2614, 'DOC0013', '400002595', 'Sterile Glove # 7.0 (White)', 'set002', '', 1, 43, 0, 0, 43),
(2615, 'DOC0013', '400002940', 'Surgical Blade # No.10', 'set002', '', 1, 8.75, 0, 0, 8.75),
(2616, 'DOC0013', '400003053', 'Steri-Strip 1/4x3 นิ้ว (R1541)', 'set002', '', 1, 22.5, 0, 0, 22.5),
(2617, 'DOC0013', '400003070', 'Gauze Sterile 4&quot;X4&quot; 12 Ply (PAC10)', 'set002', '', 1, 31, 0, 0, 31),
(2618, 'DOC0013', '400003079', 'NOVOSYN V3/0 75CM. HR26', 'set002', '', 1, 97.5, 0, 0, 97.5),
(2619, 'DOC0013', '400003249', 'Dafilon  B 3/0 75CM DS24', 'set002', '', 1, 54.5, 0, 0, 54.5),
(2620, 'DOC0013', '400004042', 'Cautery Tip Cleaners', 'set002', '', 1, 31, 0, 0, 31),
(2621, 'DOC0013', '400004243', 'Vicryl no1 90cm (VCP359H)', 'set002', '', 1, 192, 0, 0, 192),
(2622, 'DOC0013', '400007567', 'SILK 2/0 13x60cm  (W213)', 'set002', '', 1, 109, 0, 0, 109),
(2623, 'DOC0013', '400007568', 'SILK 3 13x60 cm. Black', 'set002', '', 1, 101, 0, 0, 101),
(2624, 'DOC0013', '400009695', 'Serres Suction bag 3,000 ml. สำหรับ OR', 'set002', '', 1, 109, 0, 0, 109),
(2625, 'DOC0013', 'LAB644', 'Appendix', 'set002', '', 1, 240, 0, 0, 240),
(2626, 'DOC0013', 'LX0001', 'ความดัน', '', 'LAB', 1, 500, 0, 0, 500),
(2627, 'DOC0013', '21201_1', 'ค่าห้องพิเศษ', '', 'หมวดที่ 1 ค่าห้องและค่าอาหาร', 1, 2500, 0, 0, 2500),
(2628, 'DOC0013', '21201_2', 'ค่าห้องพิเศษ (VIP)', '', 'หมวดที่ 1 ค่าห้องและค่าอาหาร', 2, 4000, 0, 0, 8000),
(2629, 'DOC0013', 'ORR001', 'ห้องผ่าตัดเล็ก', '', 'หมวดที่ 16 ค่าบริการอื่นๆ ที่ไม่เกี่ยวกับการรักษาโดยตรง', 1, 2000, 0, 0, 2000),
(2630, 'DOC0013', 'OTHER0012', 'ใบรับรองแพทย์', '', '', 1, 1, 0, 0, 1),
(2631, 'DOC0014', 'OR0593', 'Appendectomy', 'set002', '', 1, 5000, 2500, 3000, 5000),
(2632, 'DOC0014', '400001589', 'Gauze Sterile 4&quot;X4&quot; 12 Ply (PAC10) X-ray', 'set002', '', 1, 31, 31, 31, 31),
(2633, 'DOC0014', '400001932', 'Sterile Glove # 7.5 (White)', 'set002', '', 1, 43, 0, 0, 43),
(2634, 'DOC0014', '400001990', 'Prewash 6&quot;x18&quot;x12 Ply X-rayLoop 5&quot; sterile', 'set002', '', 1, 178, 0, 0, 178),
(2635, 'DOC0014', '400002550', 'ผ้าปูผ่าตัดทั่วไป (Universal Set)', 'set002', '', 1, 1238, 1000, 500, 1238),
(2636, 'DOC0014', '400002594', 'Sterile Glove # 6.5 (White)', 'set002', '', 1, 43, 0, 200, 43),
(2637, 'DOC0014', '400002595', 'Sterile Glove # 7.0 (White)', 'set002', '', 1, 43, 0, 0, 43),
(2638, 'DOC0014', '400002940', 'Surgical Blade # No.10', 'set002', '', 1, 8.75, 0, 0, 8.75),
(2639, 'DOC0014', '400003053', 'Steri-Strip 1/4x3 นิ้ว (R1541)', 'set002', '', 1, 22.5, 0, 0, 22.5),
(2640, 'DOC0014', '400003070', 'Gauze Sterile 4&quot;X4&quot; 12 Ply (PAC10)', 'set002', '', 1, 31, 0, 0, 31),
(2641, 'DOC0014', '400003079', 'NOVOSYN V3/0 75CM. HR26', 'set002', '', 1, 97.5, 0, 0, 97.5),
(2642, 'DOC0014', '400003249', 'Dafilon  B 3/0 75CM DS24', 'set002', '', 1, 54.5, 0, 0, 54.5),
(2643, 'DOC0014', '400004042', 'Cautery Tip Cleaners', 'set002', '', 1, 31, 0, 0, 31),
(2644, 'DOC0014', '400004243', 'Vicryl no1 90cm (VCP359H)', 'set002', '', 1, 192, 0, 0, 192),
(2645, 'DOC0014', '400007567', 'SILK 2/0 13x60cm  (W213)', 'set002', '', 1, 109, 0, 0, 109),
(2646, 'DOC0014', '400007568', 'SILK 3 13x60 cm. Black', 'set002', '', 1, 101, 0, 0, 101),
(2647, 'DOC0014', '400009695', 'Serres Suction bag 3,000 ml. สำหรับ OR', 'set002', '', 1, 109, 0, 0, 109),
(2648, 'DOC0014', 'LAB644', 'Appendix', 'set002', '', 1, 240, 0, 0, 240),
(2649, 'DOC0014', 'LX0001', 'ความดัน', '', 'LAB', 1, 500, 0, 0, 500),
(2650, 'DOC0014', '21201_1', 'ค่าห้องพิเศษ', '', 'หมวดที่ 1 ค่าห้องและค่าอาหาร', 1, 2500, 0, 0, 2500),
(2651, 'DOC0014', '21201_2', 'ค่าห้องพิเศษ (VIP)', '', 'หมวดที่ 1 ค่าห้องและค่าอาหาร', 2, 4000, 0, 0, 8000),
(2652, 'DOC0014', 'ORR001', 'ห้องผ่าตัดเล็ก', '', 'หมวดที่ 16 ค่าบริการอื่นๆ ที่ไม่เกี่ยวกับการรักษาโดยตรง', 1, 2000, 0, 0, 2000),
(2653, 'DOC0014', 'OTHER0013', 'ใบรับรองแพทย์', '', '', 1, 1, 0, 0, 1),
(2654, 'DOC0015', 'OR0593', 'Appendectomy', 'set001', '', 1, 5000, 2500, 3000, 5000),
(2655, 'DOC0015', '400001589', 'Gauze Sterile 4&quot;X4&quot; 12 Ply (PAC10) X-ray', 'set001', 'หมวดที่ 16 ค่าบริการอื่นๆ ที่ไม่เกี่ยวกับการรักษาโดยตรง', 1, 33, 0, 33, 33),
(2656, 'DOC0015', '400001932', 'Sterile Glove # 7.5 (White)', 'set001', '', 1, 43, 0, 0, 43),
(2657, 'DOC0015', '400001990', 'Prewash 6&quot;x18&quot;x12 Ply X-rayLoop 5&quot; sterile', 'set001', 'หมวดที่ 16 ค่าบริการอื่นๆ ที่ไม่เกี่ยวกับการรักษาโดยตรง', 1, 133, 0, 133, 133),
(2658, 'DOC0015', '400002550', 'ผ้าปูผ่าตัดทั่วไป (Universal Set)', 'set001', '', 1, 1238, 1000, 500, 1238),
(2659, 'DOC0015', '400002594', 'Sterile Glove # 6.5 (White)', 'set001', '', 1, 43, 0, 200, 43),
(2660, 'DOC0015', '400002595', 'Sterile Glove # 7.0 (White)', 'set001', 'หมวดที่ 16 ค่าบริการอื่นๆ ที่ไม่เกี่ยวกับการรักษาโดยตรง', 1, 45, 0, 45, 45),
(2661, 'DOC0015', '400002940', 'Surgical Blade # No.10', 'set001', '', 1, 8.75, 0, 0, 8.75),
(2662, 'DOC0015', '400003053', 'Steri-Strip 1/4x3 นิ้ว (R1541)', 'set001', '', 1, 22.5, 0, 0, 22.5),
(2663, 'DOC0015', '400003070', 'Gauze Sterile 4&quot;X4&quot; 12 Ply (PAC10)', 'set001', 'หมวดที่ 16 ค่าบริการอื่นๆ ที่ไม่เกี่ยวกับการรักษาโดยตรง', 1, 33, 0, 33, 33),
(2664, 'DOC0015', '400003079', 'NOVOSYN V3/0 75CM. HR26', 'set001', '', 1, 97.5, 0, 0, 97.5),
(2665, 'DOC0015', '400003249', 'Dafilon  B 3/0 75CM DS24', 'set001', '', 1, 54.5, 0, 0, 54.5),
(2666, 'DOC0015', '400004042', 'Cautery Tip Cleaners', 'set001', '', 1, 31, 0, 0, 31),
(2667, 'DOC0015', '400004243', 'Vicryl no1 90cm (VCP359H)', 'set001', '', 1, 192, 0, 0, 192),
(2668, 'DOC0015', '400007567', 'SILK 2/0 13x60cm  (W213)', 'set001', '', 1, 109, 0, 0, 109),
(2669, 'DOC0015', '400007568', 'SILK 3 13x60 cm. Black', 'set001', '', 1, 101, 0, 0, 101),
(2670, 'DOC0015', '400009695', 'Serres Suction bag 3,000 ml. สำหรับ OR', 'set001', '', 1, 109, 0, 0, 109),
(2671, 'DOC0015', 'LAB644', 'Appendix', 'set001', '', 1, 240, 0, 0, 240),
(2672, 'DOC0015', 'LX0002', 'กระดูกข้อต่อแขน', '', 'X-RAY', 1, 1200, 0, 0, 1200),
(2673, 'DOC0015', '21201_1', 'ค่าห้องพิเศษ', '', 'หมวดที่ 1 ค่าห้องและค่าอาหาร', 1, 2500, 0, 0, 2500),
(2674, 'DOC0015', 'ORR001', 'ห้องผ่าตัดเล็ก', '', 'หมวดที่ 16 ค่าบริการอื่นๆ ที่ไม่เกี่ยวกับการรักษาโดยตรง', 1, 2000, 0, 0, 2000),
(2675, 'DOC0016', 'OR0593', 'Appendectomy', 'set001', '', 1, 5000, 2500, 3000, 5000),
(2676, 'DOC0016', '400001589', 'Gauze Sterile 4&quot;X4&quot; 12 Ply (PAC10) X-ray', 'set001', 'หมวดที่ 16 ค่าบริการอื่นๆ ที่ไม่เกี่ยวกับการรักษาโดยตรง', 1, 33, 0, 33, 33),
(2677, 'DOC0016', '400001932', 'Sterile Glove # 7.5 (White)', 'set001', '', 1, 43, 0, 0, 43),
(2678, 'DOC0016', '400001990', 'Prewash 6&quot;x18&quot;x12 Ply X-rayLoop 5&quot; sterile', 'set001', 'หมวดที่ 16 ค่าบริการอื่นๆ ที่ไม่เกี่ยวกับการรักษาโดยตรง', 1, 133, 0, 133, 133),
(2679, 'DOC0016', '400002550', 'ผ้าปูผ่าตัดทั่วไป (Universal Set)', 'set001', '', 1, 1238, 1000, 500, 1238),
(2680, 'DOC0016', '400002594', 'Sterile Glove # 6.5 (White)', 'set001', '', 1, 43, 0, 200, 43),
(2681, 'DOC0016', '400002595', 'Sterile Glove # 7.0 (White)', 'set001', 'หมวดที่ 16 ค่าบริการอื่นๆ ที่ไม่เกี่ยวกับการรักษาโดยตรง', 1, 45, 0, 45, 45),
(2682, 'DOC0016', '400002940', 'Surgical Blade # No.10', 'set001', '', 1, 8.75, 0, 0, 8.75),
(2683, 'DOC0016', '400003053', 'Steri-Strip 1/4x3 นิ้ว (R1541)', 'set001', '', 1, 22.5, 0, 0, 22.5),
(2684, 'DOC0016', '400003070', 'Gauze Sterile 4&quot;X4&quot; 12 Ply (PAC10)', 'set001', 'หมวดที่ 16 ค่าบริการอื่นๆ ที่ไม่เกี่ยวกับการรักษาโดยตรง', 1, 33, 0, 33, 33),
(2685, 'DOC0016', '400003079', 'NOVOSYN V3/0 75CM. HR26', 'set001', '', 1, 97.5, 0, 0, 97.5),
(2686, 'DOC0016', '400003249', 'Dafilon  B 3/0 75CM DS24', 'set001', '', 1, 54.5, 0, 0, 54.5),
(2687, 'DOC0016', '400004042', 'Cautery Tip Cleaners', 'set001', '', 1, 31, 0, 0, 31),
(2688, 'DOC0016', '400004243', 'Vicryl no1 90cm (VCP359H)', 'set001', '', 1, 192, 0, 0, 192),
(2689, 'DOC0016', '400007567', 'SILK 2/0 13x60cm  (W213)', 'set001', '', 1, 109, 0, 0, 109),
(2690, 'DOC0016', '400007568', 'SILK 3 13x60 cm. Black', 'set001', '', 1, 101, 0, 0, 101),
(2691, 'DOC0016', '400009695', 'Serres Suction bag 3,000 ml. สำหรับ OR', 'set001', '', 1, 109, 0, 0, 109),
(2692, 'DOC0016', 'LAB644', 'Appendix', 'set001', '', 1, 240, 0, 0, 240),
(2693, 'DOC0016', '21201_1', 'ค่าห้องพิเศษ', '', 'หมวดที่ 1 ค่าห้องและค่าอาหาร', 1, 2500, 0, 0, 2500),
(2694, 'DOC0016', 'ORR002', 'ค่าห้องผ่าตัดใหญ่', '', 'หมวดที่ 16 ค่าบริการอื่นๆ ที่ไม่เกี่ยวกับการรักษาโดยตรง', 1, 4500, 0, 0, 4500),
(2695, 'DOC0016', 'OTHER0014', 'ค่าพยาบาล&quot;&quot;&#039;&#039;', '', '', 1, 200, 0, 0, 200),
(2696, 'DOC0017', 'OR0593', 'Appendectomy', 'set001', '', 1, 5000, 2500, 3000, 5000),
(2697, 'DOC0017', '400001589', 'Gauze Sterile 4&quot;X4&quot; 12 Ply (PAC10) X-ray', 'set001', 'หมวดที่ 16 ค่าบริการอื่นๆ ที่ไม่เกี่ยวกับการรักษาโดยตรง', 1, 33, 0, 33, 33),
(2698, 'DOC0017', '400001932', 'Sterile Glove # 7.5 (White)', 'set001', '', 1, 43, 0, 0, 43),
(2699, 'DOC0017', '400001990', 'Prewash 6&quot;x18&quot;x12 Ply X-rayLoop 5&quot; sterile', 'set001', 'หมวดที่ 16 ค่าบริการอื่นๆ ที่ไม่เกี่ยวกับการรักษาโดยตรง', 1, 133, 0, 133, 133),
(2700, 'DOC0017', '400002550', 'ผ้าปูผ่าตัดทั่วไป (Universal Set)', 'set001', '', 1, 1238, 1000, 500, 1238),
(2701, 'DOC0017', '400002594', 'Sterile Glove # 6.5 (White)', 'set001', '', 1, 43, 0, 200, 43),
(2702, 'DOC0017', '400002595', 'Sterile Glove # 7.0 (White)', 'set001', 'หมวดที่ 16 ค่าบริการอื่นๆ ที่ไม่เกี่ยวกับการรักษาโดยตรง', 1, 45, 0, 45, 45),
(2703, 'DOC0017', '400002940', 'Surgical Blade # No.10', 'set001', '', 1, 8.75, 0, 0, 8.75),
(2704, 'DOC0017', '400003053', 'Steri-Strip 1/4x3 นิ้ว (R1541)', 'set001', '', 1, 22.5, 0, 0, 22.5),
(2705, 'DOC0017', '400003070', 'Gauze Sterile 4&quot;X4&quot; 12 Ply (PAC10)', 'set001', 'หมวดที่ 16 ค่าบริการอื่นๆ ที่ไม่เกี่ยวกับการรักษาโดยตรง', 1, 33, 0, 33, 33),
(2706, 'DOC0017', '400003079', 'NOVOSYN V3/0 75CM. HR26', 'set001', '', 1, 97.5, 0, 0, 97.5),
(2707, 'DOC0017', '400003249', 'Dafilon  B 3/0 75CM DS24', 'set001', '', 1, 54.5, 0, 0, 54.5),
(2708, 'DOC0017', '400004042', 'Cautery Tip Cleaners', 'set001', '', 1, 31, 0, 0, 31),
(2709, 'DOC0017', '400004243', 'Vicryl no1 90cm (VCP359H)', 'set001', '', 1, 192, 0, 0, 192),
(2710, 'DOC0017', '400007567', 'SILK 2/0 13x60cm  (W213)', 'set001', '', 1, 109, 0, 0, 109),
(2711, 'DOC0017', '400007568', 'SILK 3 13x60 cm. Black', 'set001', '', 1, 101, 0, 0, 101),
(2712, 'DOC0017', '400009695', 'Serres Suction bag 3,000 ml. สำหรับ OR', 'set001', '', 1, 109, 0, 0, 109),
(2713, 'DOC0017', 'LAB644', 'Appendix', 'set001', '', 1, 240, 0, 0, 240),
(2714, 'DOC0017', '21201_1', 'ค่าห้องพิเศษ', '', 'หมวดที่ 1 ค่าห้องและค่าอาหาร', 1, 2500, 0, 0, 2500),
(2715, 'DOC0017', 'ORR002', 'ค่าห้องผ่าตัดใหญ่', '', 'หมวดที่ 16 ค่าบริการอื่นๆ ที่ไม่เกี่ยวกับการรักษาโดยตรง', 1, 4500, 0, 0, 4500),
(2716, 'DOC0017', 'OTHER0015', 'ค่าพยาบาล&quot;&quot;&#039;&#039;', '', '', 1, 200, 0, 0, 200),
(2717, 'DOC0018', 'OR0593', 'Appendectomy', 'set001', '', 1, 5000, 2500, 3000, 5000),
(2718, 'DOC0018', '400001589', 'Gauze Sterile 4&quot;X4&quot; 12 Ply (PAC10) X-ray', 'set001', 'หมวดที่ 16 ค่าบริการอื่นๆ ที่ไม่เกี่ยวกับการรักษาโดยตรง', 1, 33, 0, 33, 33),
(2719, 'DOC0018', '400001932', 'Sterile Glove # 7.5 (White)', 'set001', '', 1, 43, 0, 0, 43),
(2720, 'DOC0018', '400001990', 'Prewash 6&quot;x18&quot;x12 Ply X-rayLoop 5&quot; sterile', 'set001', 'หมวดที่ 16 ค่าบริการอื่นๆ ที่ไม่เกี่ยวกับการรักษาโดยตรง', 1, 133, 0, 133, 133),
(2721, 'DOC0018', '400002550', 'ผ้าปูผ่าตัดทั่วไป (Universal Set)', 'set001', '', 1, 1238, 1000, 500, 1238),
(2722, 'DOC0018', '400002594', 'Sterile Glove # 6.5 (White)', 'set001', '', 1, 43, 0, 200, 43),
(2723, 'DOC0018', '400002595', 'Sterile Glove # 7.0 (White)', 'set001', 'หมวดที่ 16 ค่าบริการอื่นๆ ที่ไม่เกี่ยวกับการรักษาโดยตรง', 1, 45, 0, 45, 45),
(2724, 'DOC0018', '400002940', 'Surgical Blade # No.10', 'set001', '', 1, 8.75, 0, 0, 8.75),
(2725, 'DOC0018', '400003053', 'Steri-Strip 1/4x3 นิ้ว (R1541)', 'set001', '', 1, 22.5, 0, 0, 22.5),
(2726, 'DOC0018', '400003070', 'Gauze Sterile 4&quot;X4&quot; 12 Ply (PAC10)', 'set001', 'หมวดที่ 16 ค่าบริการอื่นๆ ที่ไม่เกี่ยวกับการรักษาโดยตรง', 1, 33, 0, 33, 33),
(2727, 'DOC0018', '400003079', 'NOVOSYN V3/0 75CM. HR26', 'set001', '', 1, 97.5, 0, 0, 97.5),
(2728, 'DOC0018', '400003249', 'Dafilon  B 3/0 75CM DS24', 'set001', '', 1, 54.5, 0, 0, 54.5),
(2729, 'DOC0018', '400004042', 'Cautery Tip Cleaners', 'set001', '', 1, 31, 0, 0, 31),
(2730, 'DOC0018', '400004243', 'Vicryl no1 90cm (VCP359H)', 'set001', '', 1, 192, 0, 0, 192),
(2731, 'DOC0018', '400007567', 'SILK 2/0 13x60cm  (W213)', 'set001', '', 1, 109, 0, 0, 109),
(2732, 'DOC0018', '400007568', 'SILK 3 13x60 cm. Black', 'set001', '', 1, 101, 0, 0, 101),
(2733, 'DOC0018', '400009695', 'Serres Suction bag 3,000 ml. สำหรับ OR', 'set001', '', 1, 109, 0, 0, 109),
(2734, 'DOC0018', 'LAB644', 'Appendix', 'set001', '', 1, 240, 0, 0, 240),
(2735, 'DOC0018', '21201_1', 'ค่าห้องพิเศษ', '', 'หมวดที่ 1 ค่าห้องและค่าอาหาร', 1, 2500, 0, 0, 2500),
(2736, 'DOC0018', 'ORR002', 'ค่าห้องผ่าตัดใหญ่', '', 'หมวดที่ 16 ค่าบริการอื่นๆ ที่ไม่เกี่ยวกับการรักษาโดยตรง', 1, 4500, 0, 0, 4500),
(2737, 'DOC0018', 'OTHER0016', 'ค่าพยาบาล&quot;&quot;&#039;&#039;', '', '', 1, 200, 0, 0, 200),
(2738, 'DOC0019', 'OR0593', 'Appendectomy', 'set001', '', 1, 5000, 2500, 3000, 5000),
(2739, 'DOC0019', '400001589', 'Gauze Sterile 4&quot;X4&quot; 12 Ply (PAC10) X-ray', 'set001', 'หมวดที่ 16 ค่าบริการอื่นๆ ที่ไม่เกี่ยวกับการรักษาโดยตรง', 1, 33, 0, 33, 33),
(2740, 'DOC0019', '400001932', 'Sterile Glove # 7.5 (White)', 'set001', '', 1, 43, 0, 0, 43),
(2741, 'DOC0019', '400001990', 'Prewash 6&quot;x18&quot;x12 Ply X-rayLoop 5&quot; sterile', 'set001', 'หมวดที่ 16 ค่าบริการอื่นๆ ที่ไม่เกี่ยวกับการรักษาโดยตรง', 1, 133, 0, 133, 133),
(2742, 'DOC0019', '400002550', 'ผ้าปูผ่าตัดทั่วไป (Universal Set)', 'set001', '', 1, 1238, 1000, 500, 1238),
(2743, 'DOC0019', '400002594', 'Sterile Glove # 6.5 (White)', 'set001', '', 1, 43, 0, 200, 43),
(2744, 'DOC0019', '400002595', 'Sterile Glove # 7.0 (White)', 'set001', 'หมวดที่ 16 ค่าบริการอื่นๆ ที่ไม่เกี่ยวกับการรักษาโดยตรง', 1, 45, 0, 45, 45),
(2745, 'DOC0019', '400002940', 'Surgical Blade # No.10', 'set001', '', 1, 8.75, 0, 0, 8.75),
(2746, 'DOC0019', '400003053', 'Steri-Strip 1/4x3 นิ้ว (R1541)', 'set001', '', 1, 22.5, 0, 0, 22.5),
(2747, 'DOC0019', '400003070', 'Gauze Sterile 4&quot;X4&quot; 12 Ply (PAC10)', 'set001', 'หมวดที่ 16 ค่าบริการอื่นๆ ที่ไม่เกี่ยวกับการรักษาโดยตรง', 1, 33, 0, 33, 33),
(2748, 'DOC0019', '400003079', 'NOVOSYN V3/0 75CM. HR26', 'set001', '', 1, 97.5, 0, 0, 97.5),
(2749, 'DOC0019', '400003249', 'Dafilon  B 3/0 75CM DS24', 'set001', '', 1, 54.5, 0, 0, 54.5),
(2750, 'DOC0019', '400004042', 'Cautery Tip Cleaners', 'set001', '', 1, 31, 0, 0, 31),
(2751, 'DOC0019', '400004243', 'Vicryl no1 90cm (VCP359H)', 'set001', '', 1, 192, 0, 0, 192),
(2752, 'DOC0019', '400007567', 'SILK 2/0 13x60cm  (W213)', 'set001', '', 1, 109, 0, 0, 109),
(2753, 'DOC0019', '400007568', 'SILK 3 13x60 cm. Black', 'set001', '', 1, 101, 0, 0, 101),
(2754, 'DOC0019', '400009695', 'Serres Suction bag 3,000 ml. สำหรับ OR', 'set001', '', 1, 109, 0, 0, 109),
(2755, 'DOC0019', 'LAB644', 'Appendix', 'set001', '', 1, 240, 0, 0, 240),
(2756, 'DOC0019', '21201_1', 'ค่าห้องพิเศษ', '', 'หมวดที่ 1 ค่าห้องและค่าอาหาร', 1, 2500, 0, 0, 2500),
(2757, 'DOC0019', 'ORR002', 'ค่าห้องผ่าตัดใหญ่', '', 'หมวดที่ 16 ค่าบริการอื่นๆ ที่ไม่เกี่ยวกับการรักษาโดยตรง', 1, 4500, 0, 0, 4500),
(2758, 'DOC0019', 'OTHER0017', 'ค่าพยาบาล&quot;&quot;&#039;&#039;', '', '', 1, -200, 0, 0, -200),
(2759, 'DOC0020', 'OR0593', 'Appendectomy', 'set001', '', 1, 5000, 2500, 3000, 5000),
(2760, 'DOC0020', '400001589', 'Gauze Sterile 4&quot;X4&quot; 12 Ply (PAC10) X-ray', 'set001', 'หมวดที่ 16 ค่าบริการอื่นๆ ที่ไม่เกี่ยวกับการรักษาโดยตรง', 1, 33, 0, 33, 33),
(2761, 'DOC0020', '400001932', 'Sterile Glove # 7.5 (White)', 'set001', '', 1, 43, 0, 0, 43),
(2762, 'DOC0020', '400001990', 'Prewash 6&quot;x18&quot;x12 Ply X-rayLoop 5&quot; sterile', 'set001', 'หมวดที่ 16 ค่าบริการอื่นๆ ที่ไม่เกี่ยวกับการรักษาโดยตรง', 1, 133, 0, 133, 133),
(2763, 'DOC0020', '400002550', 'ผ้าปูผ่าตัดทั่วไป (Universal Set)', 'set001', '', 1, 1238, 1000, 500, 1238),
(2764, 'DOC0020', '400002594', 'Sterile Glove # 6.5 (White)', 'set001', '', 1, 43, 0, 200, 43),
(2765, 'DOC0020', '400002595', 'Sterile Glove # 7.0 (White)', 'set001', 'หมวดที่ 16 ค่าบริการอื่นๆ ที่ไม่เกี่ยวกับการรักษาโดยตรง', 1, 45, 0, 45, 45),
(2766, 'DOC0020', '400002940', 'Surgical Blade # No.10', 'set001', '', 1, 8.75, 0, 0, 8.75),
(2767, 'DOC0020', '400003053', 'Steri-Strip 1/4x3 นิ้ว (R1541)', 'set001', '', 1, 22.5, 0, 0, 22.5),
(2768, 'DOC0020', '400003070', 'Gauze Sterile 4&quot;X4&quot; 12 Ply (PAC10)', 'set001', 'หมวดที่ 16 ค่าบริการอื่นๆ ที่ไม่เกี่ยวกับการรักษาโดยตรง', 1, 33, 0, 33, 33),
(2769, 'DOC0020', '400003079', 'NOVOSYN V3/0 75CM. HR26', 'set001', '', 1, 97.5, 0, 0, 97.5),
(2770, 'DOC0020', '400003249', 'Dafilon  B 3/0 75CM DS24', 'set001', '', 1, 54.5, 0, 0, 54.5),
(2771, 'DOC0020', '400004042', 'Cautery Tip Cleaners', 'set001', '', 1, 31, 0, 0, 31),
(2772, 'DOC0020', '400004243', 'Vicryl no1 90cm (VCP359H)', 'set001', '', 1, 192, 0, 0, 192),
(2773, 'DOC0020', '400007567', 'SILK 2/0 13x60cm  (W213)', 'set001', '', 1, 109, 0, 0, 109),
(2774, 'DOC0020', '400007568', 'SILK 3 13x60 cm. Black', 'set001', '', 1, 101, 0, 0, 101),
(2775, 'DOC0020', '400009695', 'Serres Suction bag 3,000 ml. สำหรับ OR', 'set001', '', 1, 109, 0, 0, 109),
(2776, 'DOC0020', 'LAB644', 'Appendix', 'set001', '', 1, 240, 0, 0, 240),
(2777, 'DOC0020', '21201_1', 'ค่าห้องพิเศษ', '', 'หมวดที่ 1 ค่าห้องและค่าอาหาร', 1, 2500, 0, 0, 2500),
(2778, 'DOC0020', 'ORR002', 'ค่าห้องผ่าตัดใหญ่', '', 'หมวดที่ 16 ค่าบริการอื่นๆ ที่ไม่เกี่ยวกับการรักษาโดยตรง', 1, 4500, 0, 0, 4500),
(2779, 'DOC0020', 'OTHER0018', 'ค่าพยาบาล&quot;&quot;&#039;&#039;', '', '', 2, -200, 0, 0, -400),
(2780, 'DOC0021', 'OR0593', 'Appendectomy', 'set001', '', 1, 5000, 2500, 3000, 5000),
(2781, 'DOC0021', '400001589', 'Gauze Sterile 4&quot;X4&quot; 12 Ply (PAC10) X-ray', 'set001', 'หมวดที่ 16 ค่าบริการอื่นๆ ที่ไม่เกี่ยวกับการรักษาโดยตรง', 1, 33, 0, 33, 33),
(2782, 'DOC0021', '400001932', 'Sterile Glove # 7.5 (White)', 'set001', '', 1, 43, 0, 0, 43),
(2783, 'DOC0021', '400001990', 'Prewash 6&quot;x18&quot;x12 Ply X-rayLoop 5&quot; sterile', 'set001', 'หมวดที่ 16 ค่าบริการอื่นๆ ที่ไม่เกี่ยวกับการรักษาโดยตรง', 1, 133, 0, 133, 133),
(2784, 'DOC0021', '400002550', 'ผ้าปูผ่าตัดทั่วไป (Universal Set)', 'set001', '', 1, 1238, 1000, 500, 1238),
(2785, 'DOC0021', '400002594', 'Sterile Glove # 6.5 (White)', 'set001', '', 1, 43, 0, 200, 43),
(2786, 'DOC0021', '400002595', 'Sterile Glove # 7.0 (White)', 'set001', 'หมวดที่ 16 ค่าบริการอื่นๆ ที่ไม่เกี่ยวกับการรักษาโดยตรง', 1, 45, 0, 45, 45),
(2787, 'DOC0021', '400002940', 'Surgical Blade # No.10', 'set001', '', 1, 8.75, 0, 0, 8.75),
(2788, 'DOC0021', '400003053', 'Steri-Strip 1/4x3 นิ้ว (R1541)', 'set001', '', 1, 22.5, 0, 0, 22.5),
(2789, 'DOC0021', '400003070', 'Gauze Sterile 4&quot;X4&quot; 12 Ply (PAC10)', 'set001', 'หมวดที่ 16 ค่าบริการอื่นๆ ที่ไม่เกี่ยวกับการรักษาโดยตรง', 1, 33, 0, 33, 33),
(2790, 'DOC0021', '400003079', 'NOVOSYN V3/0 75CM. HR26', 'set001', '', 1, 97.5, 0, 0, 97.5),
(2791, 'DOC0021', '400003249', 'Dafilon  B 3/0 75CM DS24', 'set001', '', 1, 54.5, 0, 0, 54.5),
(2792, 'DOC0021', '400004042', 'Cautery Tip Cleaners', 'set001', '', 1, 31, 0, 0, 31),
(2793, 'DOC0021', '400004243', 'Vicryl no1 90cm (VCP359H)', 'set001', '', 1, 192, 0, 0, 192),
(2794, 'DOC0021', '400007567', 'SILK 2/0 13x60cm  (W213)', 'set001', '', 1, 109, 0, 0, 109),
(2795, 'DOC0021', '400007568', 'SILK 3 13x60 cm. Black', 'set001', '', 1, 101, 0, 0, 101),
(2796, 'DOC0021', '400009695', 'Serres Suction bag 3,000 ml. สำหรับ OR', 'set001', '', 1, 109, 0, 0, 109),
(2797, 'DOC0021', 'LAB644', 'Appendix', 'set001', '', 1, 240, 0, 0, 240),
(2798, 'DOC0021', '21201_1', 'ค่าห้องพิเศษ', '', 'หมวดที่ 1 ค่าห้องและค่าอาหาร', 3, 2500, 0, 0, 7500),
(2799, 'DOC0021', 'ORR001', 'ห้องผ่าตัดเล็ก', '', 'หมวดที่ 16 ค่าบริการอื่นๆ ที่ไม่เกี่ยวกับการรักษาโดยตรง', 1, 2000, 0, 0, 2000),
(2800, 'DOC0021', 'OTHER0019', 'lad&quot;j&#039;s', '', '', 1, 500, 0, 0, 500),
(2801, 'DOC0022', 'OR0593', 'Appendectomy', 'set001', '', 1, 5000, 2500, 3000, 5000),
(2802, 'DOC0022', '400001589', 'Gauze Sterile 4&quot;X4&quot; 12 Ply (PAC10) X-ray', 'set001', 'หมวดที่ 16 ค่าบริการอื่นๆ ที่ไม่เกี่ยวกับการรักษาโดยตรง', 1, 33, 0, 33, 33),
(2803, 'DOC0022', '400001932', 'Sterile Glove # 7.5 (White)', 'set001', '', 1, 43, 0, 0, 43),
(2804, 'DOC0022', '400001990', 'Prewash 6&quot;x18&quot;x12 Ply X-rayLoop 5&quot; sterile', 'set001', 'หมวดที่ 16 ค่าบริการอื่นๆ ที่ไม่เกี่ยวกับการรักษาโดยตรง', 1, 133, 0, 133, 133),
(2805, 'DOC0022', '400002550', 'ผ้าปูผ่าตัดทั่วไป (Universal Set)', 'set001', '', 1, 1238, 1000, 500, 1238),
(2806, 'DOC0022', '400002594', 'Sterile Glove # 6.5 (White)', 'set001', '', 1, 43, 0, 200, 43),
(2807, 'DOC0022', '400002595', 'Sterile Glove # 7.0 (White)', 'set001', 'หมวดที่ 16 ค่าบริการอื่นๆ ที่ไม่เกี่ยวกับการรักษาโดยตรง', 1, 45, 0, 45, 45),
(2808, 'DOC0022', '400002940', 'Surgical Blade # No.10', 'set001', '', 1, 8.75, 0, 0, 8.75),
(2809, 'DOC0022', '400003053', 'Steri-Strip 1/4x3 นิ้ว (R1541)', 'set001', '', 1, 22.5, 0, 0, 22.5),
(2810, 'DOC0022', '400003070', 'Gauze Sterile 4&quot;X4&quot; 12 Ply (PAC10)', 'set001', 'หมวดที่ 16 ค่าบริการอื่นๆ ที่ไม่เกี่ยวกับการรักษาโดยตรง', 1, 33, 0, 33, 33),
(2811, 'DOC0022', '400003079', 'NOVOSYN V3/0 75CM. HR26', 'set001', '', 1, 97.5, 0, 0, 97.5),
(2812, 'DOC0022', '400003249', 'Dafilon  B 3/0 75CM DS24', 'set001', '', 1, 54.5, 0, 0, 54.5),
(2813, 'DOC0022', '400004042', 'Cautery Tip Cleaners', 'set001', '', 1, 31, 0, 0, 31),
(2814, 'DOC0022', '400004243', 'Vicryl no1 90cm (VCP359H)', 'set001', '', 1, 192, 0, 0, 192),
(2815, 'DOC0022', '400007567', 'SILK 2/0 13x60cm  (W213)', 'set001', '', 1, 109, 0, 0, 109),
(2816, 'DOC0022', '400007568', 'SILK 3 13x60 cm. Black', 'set001', '', 1, 101, 0, 0, 101),
(2817, 'DOC0022', '400009695', 'Serres Suction bag 3,000 ml. สำหรับ OR', 'set001', '', 1, 109, 0, 0, 109),
(2818, 'DOC0022', 'LAB644', 'Appendix', 'set001', '', 1, 240, 0, 0, 240),
(2819, 'DOC0022', 'LX0001', 'ความดัน', '', 'LAB', 1, 500, 0, 0, 500),
(2820, 'DOC0022', '21201_1', 'ค่าห้องพิเศษ', '', 'หมวดที่ 1 ค่าห้องและค่าอาหาร', 1, 2500, 0, 0, 2500);

-- --------------------------------------------------------

--
-- Table structure for table `docestimate`
--

DROP TABLE IF EXISTS `docestimate`;
CREATE TABLE IF NOT EXISTS `docestimate` (
  `doc_id` varchar(20) CHARACTER SET utf8mb4 COLLATE utf8mb4_unicode_ci NOT NULL,
  `doc_no` varchar(10) CHARACTER SET utf8mb4 COLLATE utf8mb4_unicode_ci NOT NULL,
  `doc_name` varchar(100) CHARACTER SET utf8mb4 COLLATE utf8mb4_unicode_ci NOT NULL,
  `doc_privacy` varchar(10) CHARACTER SET utf8mb4 COLLATE utf8mb4_unicode_ci NOT NULL,
  `HN_id` varchar(100) COLLATE utf8mb4_unicode_ci NOT NULL,
  `doc_total` double NOT NULL DEFAULT '0',
  `doc_p_total` double NOT NULL DEFAULT '0',
  `doc_date` timestamp NOT NULL DEFAULT CURRENT_TIMESTAMP ON UPDATE CURRENT_TIMESTAMP,
  `doc_noti` varchar(250) CHARACTER SET utf8mb4 COLLATE utf8mb4_unicode_ci DEFAULT NULL,
  `doc_status` tinyint(1) NOT NULL DEFAULT '1',
  PRIMARY KEY (`doc_id`),
  KEY `doc_privacy` (`doc_privacy`)
) ENGINE=InnoDB DEFAULT CHARSET=utf8mb4 COLLATE=utf8mb4_unicode_ci;

--
-- Dumping data for table `docestimate`
--

INSERT INTO `docestimate` (`doc_id`, `doc_no`, `doc_name`, `doc_privacy`, `HN_id`, `doc_total`, `doc_p_total`, `doc_date`, `doc_noti`, `doc_status`) VALUES
('DOC001', '1', 'ม้ามทะลุ', 'UC002', '2', 17072.25, 0, '2024-02-15 08:19:08', '', 1),
('DOC0010', '10', 'หัวใจ', 'UC003', '2', 20573.25, 3531, '2024-02-19 03:00:46', '', 1),
('DOC0011', '11', 'หัวใจ', 'UC002', '2', 20573.25, 3531, '2024-02-19 03:09:23', 'เอกสารฉบับนี้อ้างอิงจากรหัส DOC009', 1),
('DOC0012', '12', 'หัวใจ', 'UC003', '2', 20573.25, 3531, '2024-02-19 03:11:15', 'เอกสารฉบับนี้อ้างอิงจากรหัส DOC0010', 1),
('DOC0013', '13', 'หัวใจ', 'UC003', '2', 20573.25, 3731, '2024-02-19 03:13:59', 'เอกสารฉบับนี้อ้างอิงจากรหัส DOC0012', 1),
('DOC0014', '14', 'หัวใจ', 'UC002', '2', 20573.25, 3531, '2024-02-19 03:14:13', 'เอกสารฉบับนี้อ้างอิงจากรหัส DOC0013', 1),
('DOC0015', '15', 'ม้ามทะลุ', 'UC002', '2', 13233.25, 3500, '2024-02-19 07:22:49', '', 1),
('DOC0016', '16', 'เบาหวาน', 'UC002', '2', 14733.25, 3500, '2024-02-19 07:23:31', 'เอกสารฉบับนี้อ้างอิงจากรหัส DOC004', 1),
('DOC0017', '17', 'เบาหวาน', 'UC002', '2', 0, 0, '2024-02-19 07:37:28', NULL, 1),
('DOC0018', '18', 'เบาหวาน', 'UC002', '2', 0, 0, '2024-02-19 07:38:55', NULL, 1),
('DOC0019', '19', 'เบาหวาน', 'UC002', '2', 14333.25, 3500, '2024-02-19 07:49:31', 'เอกสารฉบับนี้อ้างอิงจากรหัส DOC0016', 1),
('DOC002', '2', 'ม้ามทะลุ', 'UC002', '2', 21572.25, 0, '2024-02-15 08:19:19', 'เอกสารฉบับนี้อ้างอิงจากรหัส DOC001', 1),
('DOC0020', '20', 'เบาหวาน', 'UC002', '2', 14133.25, 3500, '2024-02-19 07:49:56', 'เอกสารฉบับนี้อ้างอิงจากรหัส DOC0019', 1),
('DOC0021', '21', 'ม้ามทะลุ', 'UC002', '2', 17533.25, 3500, '2024-02-19 08:04:47', 'เอกสารฉบับนี้อ้างอิงจากรหัส DOC001', 1),
('DOC0022', '1', 'เบาหวาน', 'UC002', '8', 10533.25, 3500, '2024-05-28 07:39:25', '', 1),
('DOC003', '3', 'ม้ามทะลุ', 'UC002', '2', 12172.25, 0, '2024-02-16 01:55:14', 'เอกสารฉบับนี้อ้างอิงจากรหัส DOC001', 1),
('DOC004', '4', 'เบาหวาน', 'UC002', '2', 0, 0, '2024-02-16 02:07:59', NULL, 1),
('DOC005', '5', 'เบาหวาน', 'UC002', '2', 14772.25, 0, '2024-02-16 02:08:21', '', 1),
('DOC006', '6', 'เบาหวาน', 'UC002', '2', 14772.25, 0, '2024-02-16 07:11:08', 'เอกสารฉบับนี้อ้างอิงจากรหัส DOC005', 1),
('DOC007', '7', 'เบาหวาน', 'UC002', '2', 14872.25, 0, '2024-02-16 07:11:23', 'เอกสารฉบับนี้อ้างอิงจากรหัส DOC005', 1),
('DOC008', '8', 'เบาหวาน', 'UC002', '2', 16372.25, 0, '2024-02-17 18:32:16', 'เอกสารฉบับนี้อ้างอิงจากรหัส DOC007', 1),
('DOC009', '9', 'หัวใจ', 'UC003', '2', 20573.25, 3531, '2024-02-19 03:00:46', '', 1);

-- --------------------------------------------------------

--
-- Table structure for table `item`
--

DROP TABLE IF EXISTS `item`;
CREATE TABLE IF NOT EXISTS `item` (
  `item_code` varchar(512) CHARACTER SET utf8mb4 COLLATE utf8mb4_unicode_ci NOT NULL,
  `item_name` varchar(512) CHARACTER SET utf8mb4 COLLATE utf8mb4_unicode_ci DEFAULT NULL,
  `item_category` varchar(512) CHARACTER SET utf8mb4 COLLATE utf8mb4_unicode_ci DEFAULT NULL,
  `item_unitprice` double DEFAULT NULL,
  `item_uc_price` double DEFAULT '0',
  `item_ofc_price` double DEFAULT '0',
  PRIMARY KEY (`item_code`)
) ENGINE=InnoDB DEFAULT CHARSET=utf8mb4 COLLATE=utf8mb4_unicode_ci;

--
-- Dumping data for table `item`
--

INSERT INTO `item` (`item_code`, `item_name`, `item_category`, `item_unitprice`, `item_uc_price`, `item_ofc_price`) VALUES
('16220820223', 'ชุด TCC Permanent catheter 14.5 Fr. 24 cm', 'หมวดที่ 16 ค่าบริการอื่นๆ ที่ไม่เกี่ยวกับการรักษาโดยตรง', 10600, 0, 0),
('200000012', 'ADRENALINE (EPINEPHRine) INJ 1 MG/ML (1 ML) [HAD]', 'หมวดที่ 3 ค่ายาในบัญชียาหลักแห่งชาติ', 7.75, 0, 0),
('200000079', 'CAPTOPRIL TAB 25 MG', 'หมวดที่ 3 ค่ายาในบัญชียาหลักแห่งชาติ', 2.25, 0, 0),
('200000083', 'ceFAZolin SODIUM INJ 1 GM', 'หมวดที่ 3 ค่ายาในบัญชียาหลักแห่งชาติ', 21.5, 0, 0),
('200000102', 'CHLORPHENIRAMINE MALEATE TAB 4 MG', 'หมวดที่ 3 ค่ายาในบัญชียาหลักแห่งชาติ', 0.5, 0, 0),
('200000105', 'CIPROFLOXACIN TAB  500 MG', 'หมวดที่ 3 ค่ายาในบัญชียาหลักแห่งชาติ', 2.25, 0, 0),
('200000136', 'DEXAMETHASONE INJ 4 MG/ML (1 ML)', 'หมวดที่ 3 ค่ายาในบัญชียาหลักแห่งชาติ', 7, 0, 0),
('200000137', 'DEXAMETHASONE Na PHOSPHATE + NEOMYCIN  EYE/EAR DROP  (1 MG+5 MG)/1 ML (4 ML) [DEX OPH]', 'หมวดที่ 3 ค่ายาในบัญชียาหลักแห่งชาติ', 25.5, 0, 0),
('200000140', 'diazePAM TAB 2 MG', 'หมวดที่ 4 ค่ายากลับบ้าน', 0.5, 0, 0),
('200000147', 'DICLOXACILLIN SODIUM CAP 500 MG', 'หมวดที่ 4 ค่ายากลับบ้าน', 2.25, 0, 0),
('200000216', 'HYOSCINE-N-BUTYLBROMIDE INJ 20 MG/ML (1 ML)', 'หมวดที่ 3 ค่ายาในบัญชียาหลักแห่งชาติ', 13.5, 0, 0),
('200000220', 'IBUPROFEN TAB 400 MG', 'หมวดที่ 3 ค่ายาในบัญชียาหลักแห่งชาติ', 1.5, 0, 0),
('200000248', 'LORazepam TAB 0.5 MG', 'หมวดที่ 4 ค่ายากลับบ้าน', 1, 0, 0),
('200000288', '0.9% SODIUM CHLORIDE INJ 100 ML', '', 16.5, 0, 0),
('200000289', '0.9% SODIUM CHLORIDE INJ 1000 ML', 'หมวดที่ 3 ค่ายาในบัญชียาหลักแห่งชาติ', 31, 0, 0),
('200000290', '0.9% SODIUM CHLORIDE SOL IRRIGATE 1000 ML (หัตถการ/ขายผู้ป่วย)', 'หมวดที่ 3 ค่ายาในบัญชียาหลักแห่งชาติ', 28.5, 0, 0),
('200000292', '0.9% SODIUM CHLORIDE SOL IRRIGATE 500 ML (หัตถการ/ขายผู้ป่วย)', 'หมวดที่ 3 ค่ายาในบัญชียาหลักแห่งชาติ', 31, 0, 0),
('200000304', 'ACETAMINOPHEN TAB 500 MG', 'หมวดที่ 4 ค่ายากลับบ้าน', 1, 0, 0),
('200000326', 'prednisoLONE TAB 5 MG', 'หมวดที่ 4 ค่ายากลับบ้าน', 1, 0, 0),
('200000345', 'SALBUTAMOL SULFATE MDI 100 MCG/DOSE (200 DOSES)', 'หมวดที่ 3 ค่ายาในบัญชียาหลักแห่งชาติ', 44.5, 0, 0),
('200000352', 'SENNA TAB 7.5 MG', 'หมวดที่ 4 ค่ายากลับบ้าน', 1.5, 0, 0),
('200000361', 'SODIUM BICARBONATE INJ 7.5% (44.6 mEq) 50 ML', 'หมวดที่ 3 ค่ายาในบัญชียาหลักแห่งชาติ', 37, 0, 0),
('200000365', 'STERILE WATER FOR INJ (100 ML) [X]', 'หมวดที่ 3 ค่ายาในบัญชียาหลักแห่งชาติ', 20, 0, 0),
('200000379', '[TERRAMICIN OINT] OXYTETRACYCLINE HCl + POLYMYXIN B EYE OINT 0.5% + 10000 u (3.5 g)  (หัตถการ/ขายผู้ป่วย)', 'หมวดที่ 3 ค่ายานอกบัญชียาหลักแห่งชาติ', 19, 0, 0),
('200000391', 'TRIAMCINOLONE ACETONIDE INJ 10 MG/ML (1 ML)', 'หมวดที่ 3 ค่ายาในบัญชียาหลักแห่งชาติ', 15.5, 0, 0),
('200000392', 'TRIAMCINOLONE ACETONIDE INJ 40 MG/ML (1 ML)', 'หมวดที่ 3 ค่ายาในบัญชียาหลักแห่งชาติ', 67, 0, 0),
('200000457', '0.9% SODIUM CHLORIDE SOL 3 ML (หัตถการ/ขายผู้ป่วย)', 'หมวดที่ 3 ค่ายาในบัญชียาหลักแห่งชาติ', 5.5, 0, 0),
('200001131', 'OXYMETAZOLINE HCl NASAL DROP 0.025% (10 ML) (หัตถการ/ขายผู้ป่วย)', 'หมวดที่ 3 ค่ายาในบัญชียาหลักแห่งชาติ', 38, 0, 0),
('200001402', 'SIMETHICONE DROP SUSP 40 MG/0.6 ML', 'หมวดที่ 3 ค่ายาในบัญชียาหลักแห่งชาติ', 42, 0, 0),
('200002346', 'AMIKACIN SULFATE INJ 500 MG/2 ML (2 ML)', 'หมวดที่ 3 ค่ายาในบัญชียาหลักแห่งชาติ', 28.5, 0, 0),
('200002354', 'ATROPINE SULFATE EYE DROP 1% (5 ML) (หัตถการ/ขายผู้ป่วย)', 'หมวดที่ 4 ค่ายากลับบ้าน', 110, 0, 0),
('200002363', 'BUPIVACAINE HCL INJ 0.5% (10 ML)', 'หมวดที่ 3 ค่ายาในบัญชียาหลักแห่งชาติ', 101, 0, 0),
('200002419', 'GENTAMICIN SULFATE INJ 40 MG/ML (2 ML)', 'หมวดที่ 3 ค่ายาในบัญชียาหลักแห่งชาติ', 6.75, 0, 0),
('200002421', 'HEPARIN SODIUM INJ 25000 IU/5ML (5 ML) [HAD]', 'หมวดที่ 3 ค่ายาในบัญชียาหลักแห่งชาติ', 164, 0, 0),
('200002435', 'LATANOPROST EYE DROP 0.005% (2.5 ML) [XALATAN]', 'หมวดที่ 4 ค่ายากลับบ้าน', 128, 0, 0),
('200002449', 'MACROGOLS (PEG) WITH ELECTROLYTES ORAL POWDER  (137 GM)', 'หมวดที่ 3 ค่ายาในบัญชียาหลักแห่งชาติ', 442, 0, 0),
('200002528', 'VANCOMYCIN HCL INJ 500 MG', 'หมวดที่ 3 ค่ายาในบัญชียาหลักแห่งชาติ', 97.5, 0, 0),
('200002567', '[MAXITROL] DEXAMETHASONE+ NEOMYCIN + POLYMYXIN B EYE OINT 0.1% + 3500IU + 6000IU/GM (3.5 GM)', 'หมวดที่ 3 ค่ายาในบัญชียาหลักแห่งชาติ', 52.5, 0, 0),
('200002568', 'prednisoLONE ACETATE EYE DROP 1% (5 ML) [PRED FORTE]', 'หมวดที่ 4 ค่ายากลับบ้าน', 73, 0, 0),
('200002572', 'BRIMONIDINE TARTRATE EYE DROP 0.2% (5 ML) [ALPHAGAN] (หัตถการ/ขายผู้ป่วย)', 'หมวดที่ 4 ค่ายากลับบ้าน', 115, 0, 0),
('200002576', 'MOXIFLOXACIN EYE DROP 0.5% (5 ML) [VIGAMOX]', 'หมวดที่ 4 ค่ายากลับบ้าน', 117, 0, 0),
('200002578', 'HYPROMELLOSE + DEXTRAN 70 (PRESERVATIVE FREE) EYE DROP (0.8 ML, 30 S)', 'หมวดที่ 3 ค่ายาในบัญชียาหลักแห่งชาติ', 159, 0, 0),
('200002598', 'IOPROMIDE (300 MG AS IODINE) INJ 623 MG/ML (100 ML) [ULTRAVIST 300] (หัตถการ/ขายผู้ป่วย)', 'หมวดที่ 3 ค่ายาในบัญชียาหลักแห่งชาติ', 811, 0, 0),
('200002599', 'IOPROMIDE (370 MG AS IODINE) INJ 769 MG/ML (100 ML) [ULTRAVIST 370] (หัตถการ/ขายผู้ป่วย)', 'หมวดที่ 3 ค่ายาในบัญชียาหลักแห่งชาติ', 860, 0, 0),
('200002605', 'METHYLENE BLUE INJ 0.5% (5 ML) (OR) [X]', 'หมวดที่ 3 ค่ายาในบัญชียาหลักแห่งชาติ', 97, 0, 0),
('200002606', 'OXYMETAZOLINE HCl NASAL SPRAY 0.05% (10 ML) (หัตถการ/ขายผู้ป่วย)', 'หมวดที่ 3 ค่ายาในบัญชียาหลักแห่งชาติ', 39.5, 0, 0),
('200002622', 'CARBACHOL INJ 0.01% (1.5 ML) [MIOSTAT]', 'หมวดที่ 3 ค่ายาในบัญชียาหลักแห่งชาติ', 280, 0, 0),
('200002707', 'STERILE WATER FOR INJ (10 ML) (หัตถการ/ขายผู้ป่วย)', 'หมวดที่ 3 ค่ายาในบัญชียาหลักแห่งชาติ', 5.25, 0, 0),
('200002708', 'BUPIVACAINE HCL INJ 0.5% (20 ML)', 'หมวดที่ 3 ค่ายาในบัญชียาหลักแห่งชาติ', 146, 0, 0),
('200002730', 'TOBRAMYCIN + DEXAMETHASONE EYE DROP (5 ML) [TOBRADEX]', 'หมวดที่ 4 ค่ายากลับบ้าน', 81.5, 0, 0),
('200002850', '0.9% SODIUM CHLORIDE INJ 2000 ML', 'หมวดที่ 3 ค่ายาในบัญชียาหลักแห่งชาติ', 67, 0, 0),
('200003116', 'LIDOCAINE HCL VISCOUS SOL 20 MG/ML (20 ML)', 'หมวดที่ 3 ค่ายาในบัญชียาหลักแห่งชาติ', 122, 0, 0),
('200003117', 'ISOSULFAN BLUE INJ 1% (5 ML)', 'หมวดที่ 3 ค่ายานอกบัญชียาหลักแห่งชาติ', 79, 0, 0),
('200003119', 'NORMAL SALINE SOL IRRIGATE หัวแหลม (100 ML)', 'หมวดที่ 3 ค่ายาในบัญชียาหลักแห่งชาติ', 31, 0, 0),
('200003344', 'MITOMYCIN INJ 2 MG [HAD]', 'หมวดที่ 3 ค่ายาในบัญชียาหลักแห่งชาติ', 264, 0, 0),
('200003526', 'TRYPAN BLUE SOL 0.06% W/V (1 ML) (OR)', 'หมวดที่ 3 ค่ายาในบัญชียาหลักแห่งชาติ', 239, 0, 0),
('200003551', 'BACTIGRAS 10 CM X 10 CM', 'หมวดที่ 16 ค่าบริการอื่นๆ ที่ไม่เกี่ยวกับการรักษาโดยตรง', 19, 19, 0),
('200003567', 'INDOCYANINE GREEN INJ 25 MG', 'หมวดที่ 3 ค่ายาในบัญชียาหลักแห่งชาติ', 4148, 0, 0),
('200003614', 'CARBOXYMETHYLCELLULOSE + GLYCERINE + SODIUM HYALURONATE EYE DROP (0.4 ML, 30\'S) [OPTIVE FUSION UD]', 'หมวดที่ 3 ค่ายานอกบัญชียาหลักแห่งชาติ', 470, 0, 0),
('200003703', 'SODIUM HYALURONATE E/D 0.18% (0.45 ML) (PACK 30\'S) [VISLUBE]', 'หมวดที่ 4 ค่ายากลับบ้าน', 522, 0, 0),
('200003716', 'NORMAL SALINE SOL IRRIGATE หัวแหลม (1000 ML)', 'หมวดที่ 4 ค่ายากลับบ้าน', 60, 0, 0),
('200003839', 'METHYLENE BLUE 0.5% INJ (2 ML) (OR)', 'หมวดที่ 3 ค่ายาในบัญชียาหลักแห่งชาติ', 97, 0, 0),
('21101', 'หอผู้ป่วยพิเศษรวม', 'หมวดที่ 1 ค่าห้องและค่าอาหาร', 800, 0, 0),
('21201_1', 'ค่าห้องพิเศษ', 'หมวดที่ 1 ค่าห้องและค่าอาหาร', 2500, 0, 0),
('21201_2', 'ค่าห้องพิเศษ (VIP)', 'หมวดที่ 1 ค่าห้องและค่าอาหาร', 4000, 0, 0),
('21201_3', 'ค่าห้องผู้ป่วยหนัก', 'หมวดที่ 1 ค่าห้องและค่าอาหาร', 800, 0, 0),
('36022', 'PCR for Bacterial molecular identification', 'หมวดที่ 7 ค่าตรวจวินิจฉัยทางเทคนิคการแพทย์และพยาธิวิทยา', 2000, 0, 0),
('38572', 'Desmin (patho)', 'หมวดที่ 7 ค่าตรวจวินิจฉัยทางเทคนิคการแพทย์และพยาธิวิทยา', 340, 0, 0),
('38596', 'H.pylori (ชิ้นเนื้อ)', 'หมวดที่ 7 ค่าตรวจวินิจฉัยทางเทคนิคการแพทย์และพยาธิวิทยา', 640, 0, 0),
('38664', 'S-100 (patho)', 'หมวดที่ 7 ค่าตรวจวินิจฉัยทางเทคนิคการแพทย์และพยาธิวิทยา', 310, 0, 0),
('38671', 'Smooth m.actin (patho)', 'หมวดที่ 7 ค่าตรวจวินิจฉัยทางเทคนิคการแพทย์และพยาธิวิทยา', 310, 0, 0),
('400000014', 'Arm Sling Size M', 'หมวดที่ 2 ค่าอวัยวะเทียมและอุปกรณ์ในการบำบัดรักษาโรค', 188, 150, 0),
('400000015', 'Arm Sling Size S', 'หมวดที่ 2 ค่าอวัยวะเทียมและอุปกรณ์ในการบำบัดรักษาโรค', 188, 150, 0),
('400000027', 'EA SIFIX 2.5 CM', 'หมวดที่ 5 ค่าเวชภัณฑ์มิใช่ยา เวชภัณฑ์ 1', 57.5, 0, 0),
('400000029', '\"Elastic Bandage 3\"\"\"', 'หมวดที่ 5 ค่าเวชภัณฑ์มิใช่ยา เวชภัณฑ์ 1', 14, 0, 0),
('400000030', '\"Elastic Bandage 4\"\"\"', 'หมวดที่ 5 ค่าเวชภัณฑ์มิใช่ยา เวชภัณฑ์ 1', 21, 0, 0),
('400000031', '\"Elastic Bandage 6\"\"\"', 'หมวดที่ 5 ค่าเวชภัณฑ์มิใช่ยา เวชภัณฑ์ 1', 82, 0, 0),
('400000042', 'Injection Plug', 'หมวดที่ 5 ค่าเวชภัณฑ์มิใช่ยา เวชภัณฑ์ 1', 4, 0, 0),
('400000044', 'IV Catheter No.20', 'หมวดที่ 5 ค่าเวชภัณฑ์มิใช่ยา เวชภัณฑ์ 1', 11, 0, 0),
('400000045', 'IV Catheter No.22', 'หมวดที่ 5 ค่าเวชภัณฑ์มิใช่ยา เวชภัณฑ์ 1', 11, 0, 0),
('400000046', 'IV Catheter No.24', 'หมวดที่ 5 ค่าเวชภัณฑ์มิใช่ยา เวชภัณฑ์ 1', 11, 0, 0),
('400000047', 'IV Set (ADULT)', 'หมวดที่ 5 ค่าเวชภัณฑ์มิใช่ยา เวชภัณฑ์ 1', 9.5, 0, 0),
('400000061', 'Micropore  1\"', '', 49, 49, 49),
('400000062', '\"Micropore 1/2\"\"\"', 'หมวดที่ 5 ค่าเวชภัณฑ์มิใช่ยา เวชภัณฑ์ 1', 23.5, 0, 0),
('400000066', 'NG Tube No.16', 'หมวดที่ 5 ค่าเวชภัณฑ์มิใช่ยา เวชภัณฑ์ 1', 13, 0, 0),
('400000093', '\"TRANSPORE 1/2 \"\"\"', 'หมวดที่ 5 ค่าเวชภัณฑ์มิใช่ยา เวชภัณฑ์ 1', 14, 0, 0),
('400000139', 'Surgical Blade # No.15', 'หมวดที่ 16 ค่าบริการอื่นๆ ที่ไม่เกี่ยวกับการรักษาโดยตรง', 9, 0, 9),
('400000144', '\"K-Bland 3\"\"\"', 'หมวดที่ 5 ค่าเวชภัณฑ์มิใช่ยา เวชภัณฑ์ 1', 15, 0, 0),
('400000145', '\"K-Bland 4\"\"\"', 'หมวดที่ 5 ค่าเวชภัณฑ์มิใช่ยา เวชภัณฑ์ 1', 13, 0, 0),
('400000173', 'Suction Tube No.16', 'หมวดที่ 5 ค่าเวชภัณฑ์มิใช่ยา เวชภัณฑ์ 1', 3.25, 0, 0),
('400000182', 'Foley Catheter 2 way No.14', 'หมวดที่ 5 ค่าเวชภัณฑ์มิใช่ยา เวชภัณฑ์ 1', 18, 0, 0),
('400000188', '\"Webrill 3\"\" (สำลีรองเฝือก 3\"\")\"', 'หมวดที่ 5 ค่าเวชภัณฑ์มิใช่ยา เวชภัณฑ์ 1', 37, 0, 0),
('400000189', '\"Webrill 4\"\" (สำลีรองเฝือก 4\"\")\"', 'หมวดที่ 5 ค่าเวชภัณฑ์มิใช่ยา เวชภัณฑ์ 1', 48, 0, 0),
('400000256', 'Syringe 10 ml', 'หมวดที่ 16 ค่าบริการอื่นๆ ที่ไม่เกี่ยวกับการรักษาโดยตรง', 3, 0, 3),
('400000257', 'Syringe 20 ml.', '', 4, 4, 4),
('400000259', 'Syringe 5 ml.', '', 2, 2, 2),
('400000260', 'Syringe 50 ml', 'หมวดที่ 5 ค่าเวชภัณฑ์มิใช่ยา เวชภัณฑ์ 1', 11.5, 0, 0),
('400000316', 'Oxygen Cannula (Adult)', 'หมวดที่ 5 ค่าเวชภัณฑ์มิใช่ยา เวชภัณฑ์ 1', 15.5, 0, 0),
('400000387', 'Three-way Stopcock', 'หมวดที่ 5 ค่าเวชภัณฑ์มิใช่ยา เวชภัณฑ์ 1', 14, 0, 0),
('400000940', 'สำลีม้วน 450 กรัม', 'หมวดที่ 5 ค่าเวชภัณฑ์มิใช่ยา เวชภัณฑ์ 1', 149, 0, 0),
('400000995', '\"Webrill 6\"\" (สำลีรองเฝือก 6\"\")\"', 'หมวดที่ 5 ค่าเวชภัณฑ์มิใช่ยา เวชภัณฑ์ 1', 61, 0, 0),
('400001022', 'KY Lubricating Jelly', 'หมวดที่ 5 ค่าเวชภัณฑ์มิใช่ยา เวชภัณฑ์ 1', 126, 0, 0),
('400001033', 'EXTENSION T CONNECTOR', 'หมวดที่ 5 ค่าเวชภัณฑ์มิใช่ยา เวชภัณฑ์ 1', 20.5, 0, 0),
('400001096', '\"K-Bland 6\"\"\"', 'หมวดที่ 5 ค่าเวชภัณฑ์มิใช่ยา เวชภัณฑ์ 1', 19, 0, 0),
('400001130', 'Syring 1 ml.', '', 3, 3, 3),
('400001169', 'Syring 3 CC (Luer Lock Tip)', 'หมวดที่ 5 ค่าเวชภัณฑ์มิใช่ยา เวชภัณฑ์ 1', 2.5, 0, 0),
('400001208', 'Alcohol pad', 'หมวดที่ 5 ค่าเวชภัณฑ์มิใช่ยา เวชภัณฑ์ 1', 1.5, 0, 0),
('400001319', 'RED DOT (3M)', 'หมวดที่ 5 ค่าเวชภัณฑ์มิใช่ยา เวชภัณฑ์ 1', 0, 0, 0),
('400001397', 'Skin stabple #S', 'หมวดที่ 5 ค่าเวชภัณฑ์มิใช่ยา เวชภัณฑ์ 1', 70.5, 0, 0),
('400001448', 'Syring 5 CC (Luer Lock Tip)', 'หมวดที่ 5 ค่าเวชภัณฑ์มิใช่ยา เวชภัณฑ์ 1', 3, 0, 0),
('400001449', 'Syring 10 CC (Luer Lock Tip)', 'หมวดที่ 5 ค่าเวชภัณฑ์มิใช่ยา เวชภัณฑ์ 1', 3.5, 0, 0),
('400001484', 'cesarean section Drape (OR)', 'หมวดที่ 5 ค่าเวชภัณฑ์มิใช่ยา เวชภัณฑ์ 1', 1238, 0, 0),
('400001485', 'Sheet U-Drape REF71-3039-SC', 'หมวดที่ 5 ค่าเวชภัณฑ์มิใช่ยา เวชภัณฑ์ 1', 379, 0, 0),
('400001587', '\"Gauze Sterile 3\"\"X4\"\" 8 Ply (PAC5)\"', 'หมวดที่ 5 ค่าเวชภัณฑ์มิใช่ยา เวชภัณฑ์ 1', 5.75, 0, 0),
('400001589', 'Gauze Sterile 4\"X4\" 12 Ply (PAC10) X-ray', 'หมวดที่ 16 ค่าบริการอื่นๆ ที่ไม่เกี่ยวกับการรักษาโดยตรง', 33, 0, 33),
('400001590', 'Cotton Ball Sterile 0.35 gm (PAC5)', 'หมวดที่ 5 ค่าเวชภัณฑ์มิใช่ยา เวชภัณฑ์ 1', 2.75, 0, 0),
('400001592', 'Dry Dressing Set', 'หมวดที่ 5 ค่าเวชภัณฑ์มิใช่ยา เวชภัณฑ์ 1', 20, 0, 0),
('400001597', '\"Cotton Swab 6\"\" Size L\"', 'หมวดที่ 5 ค่าเวชภัณฑ์มิใช่ยา เวชภัณฑ์ 1', 63, 0, 0),
('400001699', 'Urine Bag 2L', 'หมวดที่ 5 ค่าเวชภัณฑ์มิใช่ยา เวชภัณฑ์ 1', 18, 0, 0),
('400001931', 'Sterile Glove # 5.5 (White)', '', 32, 0, 0),
('400001932', 'Sterile Glove # 7.5 (White)', '', 43, 0, 0),
('400001933', 'Sterile Glove # 8.0 (White)', 'หมวดที่ 16 ค่าบริการอื่นๆ ที่ไม่เกี่ยวกับการรักษาโดยตรง', 46, 0, 46),
('400001934', 'Sterile Glove # 8.5 (White)', 'หมวดที่ 5 ค่าเวชภัณฑ์มิใช่ยา เวชภัณฑ์ 1', 43, 0, 0),
('400001947', 'Redivac Drain # 8', 'หมวดที่ 5 ค่าเวชภัณฑ์มิใช่ยา เวชภัณฑ์ 1', 24, 0, 0),
('400001948', 'Vaccum Drain 400 cc. (Bottle)', 'หมวดที่ 5 ค่าเวชภัณฑ์มิใช่ยา เวชภัณฑ์ 1', 146, 0, 0),
('400001989', '\"Prewash 15\"\"x15\"\"x12 Ply X-rayLoop 5\"\" sterile\"', 'หมวดที่ 5 ค่าเวชภัณฑ์มิใช่ยา เวชภัณฑ์ 1', 184, 0, 0),
('400001990', 'Prewash 6\"x18\"x12 Ply X-rayLoop 5\" sterile', 'หมวดที่ 16 ค่าบริการอื่นๆ ที่ไม่เกี่ยวกับการรักษาโดยตรง', 133, 0, 133),
('400001995', '\"K-Bland 2\"\"\"', 'หมวดที่ 5 ค่าเวชภัณฑ์มิใช่ยา เวชภัณฑ์ 1', 12.5, 0, 0),
('400001996', 'Surgical Blade # No.22', 'หมวดที่ 5 ค่าเวชภัณฑ์มิใช่ยา เวชภัณฑ์ 1', 8, 0, 0),
('400002011', 'Jackson Drain 11 mm ( Flat drain)', 'หมวดที่ 5 ค่าเวชภัณฑ์มิใช่ยา เวชภัณฑ์ 1', 356, 0, 0),
('400002012', 'BIOPSY FORCEP,OVAL,LENGTH 180 CM,2.3MM.', 'หมวดที่ 5 ค่าเวชภัณฑ์มิใช่ยา เวชภัณฑ์ 1', 759, 0, 0),
('400002013', 'BIOPSY  FORCEP,OVAL,LENGTH 230 CM,2.3MM.', 'หมวดที่ 5 ค่าเวชภัณฑ์มิใช่ยา เวชภัณฑ์ 1', 471, 0, 0),
('400002073', 'K-WIRE 1.0x150 MM.', 'หมวดที่ 2 ค่าอวัยวะเทียมและอุปกรณ์ในการบำบัดรักษาโรค', 375, 300, 0),
('400002074', 'K-WIRE 1.2x150 MM.', 'หมวดที่ 2 ค่าอวัยวะเทียมและอุปกรณ์ในการบำบัดรักษาโรค', 375, 300, 0),
('400002075', 'K-WIRE 1.4x150 MM.', 'หมวดที่ 2 ค่าอวัยวะเทียมและอุปกรณ์ในการบำบัดรักษาโรค', 375, 300, 0),
('400002076', 'K-WIRE 1.6x150 MM.', 'หมวดที่ 2 ค่าอวัยวะเทียมและอุปกรณ์ในการบำบัดรักษาโรค', 375, 300, 0),
('400002096', 'Foley Catheter 3 Way No.16', 'หมวดที่ 5 ค่าเวชภัณฑ์มิใช่ยา เวชภัณฑ์ 1', 73, 0, 0),
('400002098', 'Foley Catheter 3 Way No.20', 'หมวดที่ 5 ค่าเวชภัณฑ์มิใช่ยา เวชภัณฑ์ 1', 73, 0, 0),
('400002099', 'Foley Catheter 3 Way No.22', 'หมวดที่ 5 ค่าเวชภัณฑ์มิใช่ยา เวชภัณฑ์ 1', 146, 0, 0),
('400002138', 'ถุงรองรับสารคัดหลั่ง 1500 CC(สำหรับหน่วยงานทั่วไป)', 'หมวดที่ 5 ค่าเวชภัณฑ์มิใช่ยา เวชภัณฑ์ 1', 91, 0, 0),
('400002139', 'ถุงรองรับสารคัดหลั่ง 3000 CC(สำหรับหน่วยงานทั่วไป)', 'หมวดที่ 5 ค่าเวชภัณฑ์มิใช่ยา เวชภัณฑ์ 1', 111, 0, 0),
('400002225', 'EA SIFIX 4 CM', 'หมวดที่ 5 ค่าเวชภัณฑ์มิใช่ยา เวชภัณฑ์ 1', 60, 0, 0),
('400002272', 'Cottonnoid Sterile Size S', 'หมวดที่ 5 ค่าเวชภัณฑ์มิใช่ยา เวชภัณฑ์ 1', 20, 0, 0),
('400002273', 'Cottonnoid Sterile Size M', 'หมวดที่ 5 ค่าเวชภัณฑ์มิใช่ยา เวชภัณฑ์ 1', 22.5, 0, 0),
('400002274', 'Cottonnoid Sterile Size L', 'หมวดที่ 5 ค่าเวชภัณฑ์มิใช่ยา เวชภัณฑ์ 1', 25, 0, 0),
('400002277', 'Top Dressing (Non-Woven) 4x6 Sterile', 'หมวดที่ 5 ค่าเวชภัณฑ์มิใช่ยา เวชภัณฑ์ 1', 6.5, 0, 0),
('400002278', 'Top Dressing (Non-Woven) 6x8 Sterile', 'หมวดที่ 5 ค่าเวชภัณฑ์มิใช่ยา เวชภัณฑ์ 1', 16.5, 0, 0),
('400002279', 'Top Dressing (Non-Woven) 8x12 Sterile', 'หมวดที่ 5 ค่าเวชภัณฑ์มิใช่ยา เวชภัณฑ์ 1', 19, 0, 0),
('400002303', 'ลูกสูบยางแดง เบอร์ 8', 'หมวดที่ 5 ค่าเวชภัณฑ์มิใช่ยา เวชภัณฑ์ 1', 140, 0, 0),
('400002321', 'ถุงเก็บสิ่งขับถ่ายจากลำไส้ชนิดชิ้นเดียว', 'หมวดที่ 5 ค่าเวชภัณฑ์มิใช่ยา เวชภัณฑ์ 1', 91.5, 0, 0),
('400002405', 'Redivac Drain # 10', 'หมวดที่ 5 ค่าเวชภัณฑ์มิใช่ยา เวชภัณฑ์ 1', 28, 0, 0),
('400002441', 'KY-Jelly ขนาด 5 กรัม', 'หมวดที่ 5 ค่าเวชภัณฑ์มิใช่ยา เวชภัณฑ์ 1', 6.5, 0, 0),
('400002490', 'NG Tube No.8(50 cm.)', 'หมวดที่ 5 ค่าเวชภัณฑ์มิใช่ยา เวชภัณฑ์ 1', 10.5, 0, 0),
('400002492', 'NG Tube No.5(100 cm.)', 'หมวดที่ 5 ค่าเวชภัณฑ์มิใช่ยา เวชภัณฑ์ 1', 10.5, 0, 0),
('400002493', 'NG Tube No.8(100 cm.)', 'หมวดที่ 5 ค่าเวชภัณฑ์มิใช่ยา เวชภัณฑ์ 1', 10.5, 0, 0),
('400002533', 'Cotton Swab S 3\" (PAC 5)', '', 3, 3, 3),
('400002534', '\"Cotton Swab L 6\"\" (PAC 5)\"', 'หมวดที่ 5 ค่าเวชภัณฑ์มิใช่ยา เวชภัณฑ์ 1', 4, 0, 0),
('400002538', '\"Top Dressing 3\"\"x6\"\"\"', 'หมวดที่ 5 ค่าเวชภัณฑ์มิใช่ยา เวชภัณฑ์ 1', 8.5, 0, 0),
('400002550', 'ผ้าปูผ่าตัดทั่วไป (Universal Set)', '', 1238, 1000, 500),
('400002552', 'ผ้าปูผ่าตัดส่องกล้องหัวไหล่ ( SHOULDER DRAPE)', 'หมวดที่ 5 ค่าเวชภัณฑ์มิใช่ยา เวชภัณฑ์ 1', 1438, 0, 0),
('400002578', 'CHROMIC #1 40 MM. 1/2 ROUND', 'หมวดที่ 5 ค่าเวชภัณฑ์มิใช่ยา เวชภัณฑ์ 1', 86.5, 0, 0),
('400002580', 'CHROMIC 2/0 26 MM. 1/2 ROUND', 'หมวดที่ 5 ค่าเวชภัณฑ์มิใช่ยา เวชภัณฑ์ 1', 81.5, 0, 0),
('400002581', 'CHROMIC 3/0 26 MM. 1/2 ROUND', 'หมวดที่ 5 ค่าเวชภัณฑ์มิใช่ยา เวชภัณฑ์ 1', 81.5, 0, 0),
('400002587', 'Professional Blade', 'หมวดที่ 5 ค่าเวชภัณฑ์มิใช่ยา เวชภัณฑ์ 1', 196, 0, 0),
('400002591', 'Care guard bite block', 'หมวดที่ 5 ค่าเวชภัณฑ์มิใช่ยา เวชภัณฑ์ 1', 242, 0, 0),
('400002592', 'Foley Catheter 2 way No.16', 'หมวดที่ 5 ค่าเวชภัณฑ์มิใช่ยา เวชภัณฑ์ 1', 18, 0, 0),
('400002593', 'Sterile Glove # 6.0 (White)', '', 43, 43, 43),
('400002594', 'Sterile Glove # 6.5 (White)', '', 43, 0, 200),
('400002595', 'Sterile Glove # 7.0 (White)', 'หมวดที่ 16 ค่าบริการอื่นๆ ที่ไม่เกี่ยวกับการรักษาโดยตรง', 45, 0, 45),
('400002596', 'EA SIFIX 6 CM', 'หมวดที่ 5 ค่าเวชภัณฑ์มิใช่ยา เวชภัณฑ์ 1', 80.5, 0, 0),
('400002601', 'Extension Tube No.18 (สายให้น้ำเกลือ)', 'หมวดที่ 5 ค่าเวชภัณฑ์มิใช่ยา เวชภัณฑ์ 1', 6.5, 0, 0),
('400002605', 'Spinal Needle Disposable No.23', 'หมวดที่ 5 ค่าเวชภัณฑ์มิใช่ยา เวชภัณฑ์ 1', 47, 0, 0),
('400002621', 'Spinal Needle Disposable No.25', 'หมวดที่ 5 ค่าเวชภัณฑ์มิใช่ยา เวชภัณฑ์ 1', 52.5, 0, 0),
('400002622', 'Spinal Needle Disposable No.27', 'หมวดที่ 5 ค่าเวชภัณฑ์มิใช่ยา เวชภัณฑ์ 1', 88.5, 0, 0),
('400002632', '\"Gauze Bandage 4\"\"\"', 'หมวดที่ 5 ค่าเวชภัณฑ์มิใช่ยา เวชภัณฑ์ 1', 7.5, 0, 0),
('400002644', 'JELCO I.V Catheter No.16', 'หมวดที่ 5 ค่าเวชภัณฑ์มิใช่ยา เวชภัณฑ์ 1', 26.5, 0, 0),
('400002645', 'JELCO I.V Catheter No.18', 'หมวดที่ 5 ค่าเวชภัณฑ์มิใช่ยา เวชภัณฑ์ 1', 26.5, 0, 0),
('400002646', 'JELCO I.V Catheter No.20', 'หมวดที่ 5 ค่าเวชภัณฑ์มิใช่ยา เวชภัณฑ์ 1', 26.5, 0, 0),
('400002647', 'JELCO I.V Catheter No.22', 'หมวดที่ 5 ค่าเวชภัณฑ์มิใช่ยา เวชภัณฑ์ 1', 26.5, 0, 0),
('400002648', 'JELCO I.V Catheter No.24', 'หมวดที่ 5 ค่าเวชภัณฑ์มิใช่ยา เวชภัณฑ์ 1', 26.5, 0, 0),
('400002660', '\"Top Gauze Burn 12\"\"x24\"\" Sterile\"', 'หมวดที่ 5 ค่าเวชภัณฑ์มิใช่ยา เวชภัณฑ์ 1', 37, 0, 0),
('400002669', 'NOVOSYN V1 70 CM. JR40S', 'หมวดที่ 5 ค่าเวชภัณฑ์มิใช่ยา เวชภัณฑ์ 1', 161, 0, 0),
('400002672', 'NOVOSYN V3/0 70 CM. DS24', 'หมวดที่ 5 ค่าเวชภัณฑ์มิใช่ยา เวชภัณฑ์ 1', 108, 0, 0),
('400002673', 'NOVOSYN U4/0 45 CM. DS16', 'หมวดที่ 5 ค่าเวชภัณฑ์มิใช่ยา เวชภัณฑ์ 1', 130, 0, 0),
('400002674', 'NOVOSYN U4/0 70 CM. DS19', 'หมวดที่ 5 ค่าเวชภัณฑ์มิใช่ยา เวชภัณฑ์ 1', 108, 0, 0),
('400002680', 'Herb dressing 10x10 CM.', 'หมวดที่ 5 ค่าเวชภัณฑ์มิใช่ยา เวชภัณฑ์ 1', 46, 0, 0),
('400002682', '\"Steri-Strip Skin Tone 1/4x3\"\" (B1551)\"', 'หมวดที่ 5 ค่าเวชภัณฑ์มิใช่ยา เวชภัณฑ์ 1', 37, 0, 0),
('400002683', '\"Gauze Drain 0.50\"\"x 1 Yds\"', 'หมวดที่ 5 ค่าเวชภัณฑ์มิใช่ยา เวชภัณฑ์ 1', 27.5, 0, 0),
('400002731', 'SILK 0 75cm HR30', 'หมวดที่ 5 ค่าเวชภัณฑ์มิใช่ยา เวชภัณฑ์ 1', 54.5, 0, 0),
('400002732', 'SILK 2/0 75cm HR26', 'หมวดที่ 5 ค่าเวชภัณฑ์มิใช่ยา เวชภัณฑ์ 1', 44, 0, 0),
('400002940', 'Surgical Blade # No.10', '', 8.75, 0, 0),
('400002941', 'Surgical Blade # No.11', '', 12, 12, 12),
('400002942', 'Surgical Blade # No.12', 'หมวดที่ 5 ค่าเวชภัณฑ์มิใช่ยา เวชภัณฑ์ 1', 8.75, 0, 0),
('400002949', 'Suction Tube No.8', 'หมวดที่ 5 ค่าเวชภัณฑ์มิใช่ยา เวชภัณฑ์ 1', 3.25, 0, 0),
('400002962', 'Urine Bag (Pediatric)  100 ml.', 'หมวดที่ 5 ค่าเวชภัณฑ์มิใช่ยา เวชภัณฑ์ 1', 7.75, 0, 0),
('400002964', 'URGOTUL SILVER 10x12 CM', 'หมวดที่ 5 ค่าเวชภัณฑ์มิใช่ยา เวชภัณฑ์ 1', 143, 0, 0),
('400002966', 'Film dressing+Pad 5x7.2 CM', 'หมวดที่ 5 ค่าเวชภัณฑ์มิใช่ยา เวชภัณฑ์ 1', 26, 0, 0),
('400002975', 'Ophthalmic nylon 10/0 black 38 cm.', 'หมวดที่ 5 ค่าเวชภัณฑ์มิใช่ยา เวชภัณฑ์ 1', 575, 0, 0),
('400002976', 'Ophthalmic  Drape (100*100 cm.)', 'หมวดที่ 5 ค่าเวชภัณฑ์มิใช่ยา เวชภัณฑ์ 1', 134, 0, 0),
('400002986', 'MONOSYN V3/0 70 CM.DS24', 'หมวดที่ 5 ค่าเวชภัณฑ์มิใช่ยา เวชภัณฑ์ 1', 116, 0, 0),
('400002987', 'DAFILON B6/0 45 CM.DSMP11', 'หมวดที่ 5 ค่าเวชภัณฑ์มิใช่ยา เวชภัณฑ์ 1', 108, 0, 0),
('400002990', 'Surgicel haemostat 5x7.5 CM', 'หมวดที่ 5 ค่าเวชภัณฑ์มิใช่ยา เวชภัณฑ์ 1', 319, 0, 0),
('400002991', 'Clo test', 'หมวดที่ 5 ค่าเวชภัณฑ์มิใช่ยา เวชภัณฑ์ 1', 376, 0, 0),
('400003000', 'Silk 2/0 needle 26 mm 75 cms', '', 101, 101, 101),
('400003001', 'Silk 3/0 75 cm HR26', 'หมวดที่ 5 ค่าเวชภัณฑ์มิใช่ยา เวชภัณฑ์ 1', 132, 0, 0),
('400003002', 'Silk 4/0 75cm HR17', 'หมวดที่ 5 ค่าเวชภัณฑ์มิใช่ยา เวชภัณฑ์ 1', 52, 0, 0),
('400003004', 'Monoplus V1 150L HR40S', 'หมวดที่ 5 ค่าเวชภัณฑ์มิใช่ยา เวชภัณฑ์ 1', 446, 0, 0),
('400003005', 'Monoplus V1 90CM HR40S', 'หมวดที่ 5 ค่าเวชภัณฑ์มิใช่ยา เวชภัณฑ์ 1', 196, 0, 0),
('400003007', 'Monoplus V3/0 70 CM HR26', 'หมวดที่ 5 ค่าเวชภัณฑ์มิใช่ยา เวชภัณฑ์ 1', 495, 0, 0),
('400003008', 'Monoplus V1 2/0 70CM HR26', 'หมวดที่ 5 ค่าเวชภัณฑ์มิใช่ยา เวชภัณฑ์ 1', 165, 0, 0),
('400003010', 'OPTILENE 2/0 75 CM. HR30 RCP', 'หมวดที่ 5 ค่าเวชภัณฑ์มิใช่ยา เวชภัณฑ์ 1', 134, 0, 0),
('400003011', 'PREMILENE  6/0 45 CM.', 'หมวดที่ 5 ค่าเวชภัณฑ์มิใช่ยา เวชภัณฑ์ 1', 143, 0, 0),
('400003015', 'MONOSYN V3/0 70 CM.HR 17', 'หมวดที่ 5 ค่าเวชภัณฑ์มิใช่ยา เวชภัณฑ์ 1', 154, 0, 0),
('400003017', 'MONOSYN V2/0 70 CM.HR26', 'หมวดที่ 5 ค่าเวชภัณฑ์มิใช่ยา เวชภัณฑ์ 1', 165, 0, 0),
('400003018', 'MONOSYN V4/0 70 CM.DS19', 'หมวดที่ 5 ค่าเวชภัณฑ์มิใช่ยา เวชภัณฑ์ 1', 175, 0, 0),
('400003019', 'MONOSYN U3/0 70 CM.DS24', 'หมวดที่ 5 ค่าเวชภัณฑ์มิใช่ยา เวชภัณฑ์ 1', 172, 0, 0),
('400003020', 'MONOSYN U5/0 70 CM.DS16', 'หมวดที่ 5 ค่าเวชภัณฑ์มิใช่ยา เวชภัณฑ์ 1', 175, 0, 0),
('400003021', 'NOVOSYN V4/0 70 CM.HR17', 'หมวดที่ 5 ค่าเวชภัณฑ์มิใช่ยา เวชภัณฑ์ 1', 345, 0, 0),
('400003022', 'NOVOSYN V 3/0 70 CM.HR17', 'หมวดที่ 5 ค่าเวชภัณฑ์มิใช่ยา เวชภัณฑ์ 1', 119, 0, 0),
('400003023', 'NOVOSYN V3/0 70 CM.HR30', 'หมวดที่ 5 ค่าเวชภัณฑ์มิใช่ยา เวชภัณฑ์ 1', 119, 0, 0),
('400003024', 'NOVOSYN V2/0 70CM. HR37S', 'หมวดที่ 5 ค่าเวชภัณฑ์มิใช่ยา เวชภัณฑ์ 1', 134, 0, 0),
('400003025', 'NOVOSYN V2/0 90 CM. HR26', 'หมวดที่ 5 ค่าเวชภัณฑ์มิใช่ยา เวชภัณฑ์ 1', 97.5, 0, 0),
('400003030', 'Roth net', 'หมวดที่ 5 ค่าเวชภัณฑ์มิใช่ยา เวชภัณฑ์ 1', 4143, 0, 0),
('400003039', 'HANDLE KNIFE 15', 'หมวดที่ 5 ค่าเวชภัณฑ์มิใช่ยา เวชภัณฑ์ 1', 257, 0, 0),
('400003040', 'OPTILENE 3/0 75 CM. HR26', 'หมวดที่ 5 ค่าเวชภัณฑ์มิใช่ยา เวชภัณฑ์ 1', 134, 0, 0),
('400003047', 'Spinal Needle Disposable No.18', 'หมวดที่ 5 ค่าเวชภัณฑ์มิใช่ยา เวชภัณฑ์ 1', 47, 0, 0),
('400003049', 'Spinal Needle Disposable No.21', 'หมวดที่ 5 ค่าเวชภัณฑ์มิใช่ยา เวชภัณฑ์ 1', 42, 0, 0),
('400003050', '\"Penrose Drain ขนาด 1/2\"\"\"', 'หมวดที่ 5 ค่าเวชภัณฑ์มิใช่ยา เวชภัณฑ์ 1', 37, 0, 0),
('400003051', '\"Penrose Drain ขนาด 3/4\"\"\"', 'หมวดที่ 5 ค่าเวชภัณฑ์มิใช่ยา เวชภัณฑ์ 1', 37, 0, 0),
('400003052', '\"Penrose Drain ขนาด 3/8\"\"\"', 'หมวดที่ 5 ค่าเวชภัณฑ์มิใช่ยา เวชภัณฑ์ 1', 37, 0, 0),
('400003053', 'Steri-Strip 1/4x3 นิ้ว (R1541)', '', 22.5, 0, 0),
('400003055', 'Capsular Tension Ring CTR10', 'หมวดที่ 5 ค่าเวชภัณฑ์มิใช่ยา เวชภัณฑ์ 1', 1150, 0, 0),
('400003056', 'Capsular Tension Ring CTR11', 'หมวดที่ 5 ค่าเวชภัณฑ์มิใช่ยา เวชภัณฑ์ 1', 1150, 0, 0),
('400003058', '\"Gauze Drain 1\"\"x40\"\"\"', 'หมวดที่ 5 ค่าเวชภัณฑ์มิใช่ยา เวชภัณฑ์ 1', 23, 0, 0),
('400003060', 'VICRYL PLUS #0 90 CM. เข็ม 36 MM. (VCP346H)', 'หมวดที่ 5 ค่าเวชภัณฑ์มิใช่ยา เวชภัณฑ์ 1', 150, 0, 0),
('400003063', 'VICRYL RAPIDE 2/0 UND 36 MM.(W9962)', 'หมวดที่ 5 ค่าเวชภัณฑ์มิใช่ยา เวชภัณฑ์ 1', 199, 0, 0),
('400003064', 'MONOCRYL 4/0 70 CM.เข็ม 17 MM.(W3435)', 'หมวดที่ 5 ค่าเวชภัณฑ์มิใช่ยา เวชภัณฑ์ 1', 217, 0, 0),
('400003067', 'Tubing system pump', 'หมวดที่ 5 ค่าเวชภัณฑ์มิใช่ยา เวชภัณฑ์ 1', 2261, 0, 0),
('400003068', 'Tubing system patient', 'หมวดที่ 5 ค่าเวชภัณฑ์มิใช่ยา เวชภัณฑ์ 1', 586, 0, 0),
('400003069', 'Injecra needle 25G lengh 230 CM.', 'หมวดที่ 5 ค่าเวชภัณฑ์มิใช่ยา เวชภัณฑ์ 1', 1385, 0, 0),
('400003070', 'Gauze Sterile 4\"X4\" 12 Ply (PAC10)', 'หมวดที่ 16 ค่าบริการอื่นๆ ที่ไม่เกี่ยวกับการรักษาโดยตรง', 33, 0, 33),
('400003072', 'Cortical screw 3.5x22 MM.', 'หมวดที่ 2 ค่าอวัยวะเทียมและอุปกรณ์ในการบำบัดรักษาโรค', 375, 300, 0),
('400003073', 'Cortical screw 3.5x24 MM.', 'หมวดที่ 2 ค่าอวัยวะเทียมและอุปกรณ์ในการบำบัดรักษาโรค', 375, 300, 0),
('400003074', 'biopsy jumbo forceps (2.8 mm,230 cm)', 'หมวดที่ 5 ค่าเวชภัณฑ์มิใช่ยา เวชภัณฑ์ 1', 1046, 0, 0),
('400003076', 'Cortical screw 3.5x28 MM.', 'หมวดที่ 2 ค่าอวัยวะเทียมและอุปกรณ์ในการบำบัดรักษาโรค', 375, 300, 0),
('400003078', 'NOVOSYN V3/0 75CM. HR22', 'หมวดที่ 5 ค่าเวชภัณฑ์มิใช่ยา เวชภัณฑ์ 1', 97.5, 0, 0),
('400003079', 'NOVOSYN V3/0 75CM. HR26', '', 97.5, 0, 0),
('400003081', 'Multi-Band Ligator 7', 'หมวดที่ 2 ค่าอวัยวะเทียมและอุปกรณ์ในการบำบัดรักษาโรค', 5625, 4500, 0),
('400003082', 'Spongostan STD 70x50x10 MM', 'หมวดที่ 5 ค่าเวชภัณฑ์มิใช่ยา เวชภัณฑ์ 1', 331, 0, 0),
('400003119', 'NOVOSYN V2/0 70CM HR26', 'หมวดที่ 5 ค่าเวชภัณฑ์มิใช่ยา เวชภัณฑ์ 1', 32, 0, 0),
('400003123', 'Film dressing+Pad 8x10 CM', 'หมวดที่ 5 ค่าเวชภัณฑ์มิใช่ยา เวชภัณฑ์ 1', 52, 0, 0),
('400003124', 'Film dressing IV 6x8 CM', 'หมวดที่ 5 ค่าเวชภัณฑ์มิใช่ยา เวชภัณฑ์ 1', 12.5, 0, 0),
('400003140', 'OPTILENE MESH 10*15 CM', 'หมวดที่ 2 ค่าอวัยวะเทียมและอุปกรณ์ในการบำบัดรักษาโรค', 4375, 2800, 0),
('400003148', 'DHS BARREL (MINI) PLATE,3 HOLE', 'หมวดที่ 2 ค่าอวัยวะเทียมและอุปกรณ์ในการบำบัดรักษาโรค', 27500, 22000, 0),
('400003153', 'SCREW FOR DHS PLATE,LEN 85 MM', 'หมวดที่ 2 ค่าอวัยวะเทียมและอุปกรณ์ในการบำบัดรักษาโรค', 6000, 0, 0),
('400003166', 'Novosyn V 2/0 70CM  HR30', 'หมวดที่ 5 ค่าเวชภัณฑ์มิใช่ยา เวชภัณฑ์ 1', 119, 0, 0),
('400003237', 'IOBAN EZ 60 cm x 45 cm', 'หมวดที่ 5 ค่าเวชภัณฑ์มิใช่ยา เวชภัณฑ์ 1', 408, 0, 0),
('400003240', 'Vicryl 2 V-39 75 cm ( W9378 )', 'หมวดที่ 5 ค่าเวชภัณฑ์มิใช่ยา เวชภัณฑ์ 1', 265, 0, 0),
('400003244', 'Dafilon B 5/0 45 DSMP13', 'หมวดที่ 5 ค่าเวชภัณฑ์มิใช่ยา เวชภัณฑ์ 1', 116, 0, 0),
('400003245', 'Dafilon B 3/0 75 DS30', 'หมวดที่ 5 ค่าเวชภัณฑ์มิใช่ยา เวชภัณฑ์ 1', 54.5, 0, 0),
('400003247', 'Dafilon B 5/0 45 DSMP16', 'หมวดที่ 5 ค่าเวชภัณฑ์มิใช่ยา เวชภัณฑ์ 1', 108, 0, 0),
('400003248', 'Dafilon  B 4/0 75CM DS19', 'หมวดที่ 5 ค่าเวชภัณฑ์มิใช่ยา เวชภัณฑ์ 1', 54.5, 0, 0),
('400003249', 'Dafilon  B 3/0 75CM DS24', '', 54.5, 0, 0),
('400003250', 'Dafilon B 2/0 75CM DS39', 'หมวดที่ 5 ค่าเวชภัณฑ์มิใช่ยา เวชภัณฑ์ 1', 54.5, 0, 0),
('400003255', 'PDS 1 40MM 1/2 RB 150CM (W9237T)', 'หมวดที่ 5 ค่าเวชภัณฑ์มิใช่ยา เวชภัณฑ์ 1', 362, 0, 0),
('400003256', 'ETHILON 1 48MM 1/2 RB 150LoopCM BLK', 'หมวดที่ 5 ค่าเวชภัณฑ์มิใช่ยา เวชภัณฑ์ 1', 340, 0, 0),
('400003261', 'NOVOSYN V5/0 70 CM. HR17', 'หมวดที่ 5 ค่าเวชภัณฑ์มิใช่ยา เวชภัณฑ์ 1', 154, 0, 0),
('400003276', 'Cortical screw 3.5x12 MM.', 'หมวดที่ 2 ค่าอวัยวะเทียมและอุปกรณ์ในการบำบัดรักษาโรค', 375, 300, 0),
('400003277', 'Cortical screw 3.5x14 MM.', 'หมวดที่ 2 ค่าอวัยวะเทียมและอุปกรณ์ในการบำบัดรักษาโรค', 375, 300, 0),
('400003288', 'Cortical screw 3.5x16 MM.', 'หมวดที่ 2 ค่าอวัยวะเทียมและอุปกรณ์ในการบำบัดรักษาโรค', 375, 300, 0),
('400003289', 'Cortical screw 3.5x18 MM.', 'หมวดที่ 2 ค่าอวัยวะเทียมและอุปกรณ์ในการบำบัดรักษาโรค', 375, 300, 0),
('400003294', 'Cortical screw 3.5x36 MM.', 'หมวดที่ 2 ค่าอวัยวะเทียมและอุปกรณ์ในการบำบัดรักษาโรค', 375, 300, 0),
('400003311', 'Cortical screw 3.5x85 MM.', 'หมวดที่ 2 ค่าอวัยวะเทียมและอุปกรณ์ในการบำบัดรักษาโรค', 750, 600, 0),
('400003327', 'Narrow Plate 10 hole', 'หมวดที่ 2 ค่าอวัยวะเทียมและอุปกรณ์ในการบำบัดรักษาโรค', 6250, 2500, 0),
('400003337', 'Broad Plate 10 hole', 'หมวดที่ 2 ค่าอวัยวะเทียมและอุปกรณ์ในการบำบัดรักษาโรค', 6500, 5200, 0),
('400003347', 'Cancellous screw 4.0 short No.24', 'หมวดที่ 2 ค่าอวัยวะเทียมและอุปกรณ์ในการบำบัดรักษาโรค', 375, 300, 0),
('400003393', 'Mini screw 2.0x5.5 MM.', 'หมวดที่ 2 ค่าอวัยวะเทียมและอุปกรณ์ในการบำบัดรักษาโรค', 3000, 2400, 0),
('400003394', 'Mini screw 2.0x7.0 MM.', 'หมวดที่ 2 ค่าอวัยวะเทียมและอุปกรณ์ในการบำบัดรักษาโรค', 3000, 2400, 0),
('400003396', 'Mini screw 2.0x11.0 MM.', 'หมวดที่ 2 ค่าอวัยวะเทียมและอุปกรณ์ในการบำบัดรักษาโรค', 1000, 800, 0),
('400003397', 'Mini screw 2.3x7.0 MM.', 'หมวดที่ 2 ค่าอวัยวะเทียมและอุปกรณ์ในการบำบัดรักษาโรค', 3000, 2400, 0),
('400003404', 'Cortical screw 4.5x26 MM', 'หมวดที่ 2 ค่าอวัยวะเทียมและอุปกรณ์ในการบำบัดรักษาโรค', 375, 300, 0),
('400003405', 'Cortical screw 4.5x28 MM.', 'หมวดที่ 2 ค่าอวัยวะเทียมและอุปกรณ์ในการบำบัดรักษาโรค', 375, 300, 0),
('400003406', 'Cortical screw 4.5x30 MM.', 'หมวดที่ 2 ค่าอวัยวะเทียมและอุปกรณ์ในการบำบัดรักษาโรค', 375, 300, 0),
('400003407', 'Cortical screw 4.5x32 MM.', 'หมวดที่ 2 ค่าอวัยวะเทียมและอุปกรณ์ในการบำบัดรักษาโรค', 375, 300, 0),
('400003408', 'Cortical screw 4.5x34 MM.', 'หมวดที่ 2 ค่าอวัยวะเทียมและอุปกรณ์ในการบำบัดรักษาโรค', 375, 300, 0),
('400003409', 'Cortical screw 4.5x36 MM.', 'หมวดที่ 2 ค่าอวัยวะเทียมและอุปกรณ์ในการบำบัดรักษาโรค', 375, 300, 0),
('400003411', 'Cortical screw 4.5x40 MM.', 'หมวดที่ 2 ค่าอวัยวะเทียมและอุปกรณ์ในการบำบัดรักษาโรค', 750, 600, 0),
('400003412', 'Cortical screw 4.5x44 MM.', 'หมวดที่ 2 ค่าอวัยวะเทียมและอุปกรณ์ในการบำบัดรักษาโรค', 375, 300, 0),
('400003413', 'Cortical screw 4.5x46 MM.', 'หมวดที่ 2 ค่าอวัยวะเทียมและอุปกรณ์ในการบำบัดรักษาโรค', 375, 300, 0),
('400003430', 'Knee Arthroscope Drape', 'หมวดที่ 5 ค่าเวชภัณฑ์มิใช่ยา เวชภัณฑ์ 1', 995, 0, 0),
('400003805', 'Radial Jaw Gastroscope 180 cm', 'หมวดที่ 5 ค่าเวชภัณฑ์มิใช่ยา เวชภัณฑ์ 1', 942, 0, 0),
('400003806', 'Radial Jaw colonoscope 230cm', 'หมวดที่ 5 ค่าเวชภัณฑ์ที่มิใช่ยา เวชภัณฑ์ 2', 438, 0, 0),
('400003812', 'Hot snare', 'หมวดที่ 2 ค่าอวัยวะเทียมและอุปกรณ์ในการบำบัดรักษาโรค', 1104, 0, 0),
('400003820', 'ULTRAPRO PARTIAL ABSORB MESH 6x11CM (แผ่นใยสังเคราะห์แทนผนังท้องชนิดธรรมดา ความยาวไม่เกิน 15 ซม.)', 'หมวดที่ 2 ค่าอวัยวะเทียมและอุปกรณ์ในการบำบัดรักษาโรค', 4040, 2800, 0),
('400003826', 'แผ่นปิดแผล AQUACEL AG Surgical 9x25 CM.', 'หมวดที่ 5 ค่าเวชภัณฑ์มิใช่ยา เวชภัณฑ์ 1', 503, 0, 0),
('400004019', 'Eye Pad 2\' x 2.5\' (1box=25ชิ้น) รอinactive', '', 174, 174, 174),
('400004040', 'Surgicel Fibrillar 1x2 Inch', 'หมวดที่ 5 ค่าเวชภัณฑ์มิใช่ยา เวชภัณฑ์ 1', 1356, 0, 0),
('400004042', 'Cautery Tip Cleaners', '', 31, 0, 0),
('400004043', 'Spinal Needle เข็มเจาะน้ำไขสันหลัง 25G', 'หมวดที่ 5 ค่าเวชภัณฑ์มิใช่ยา เวชภัณฑ์ 1', 52.5, 0, 0),
('400004047', 'Washer small', 'หมวดที่ 2 ค่าอวัยวะเทียมและอุปกรณ์ในการบำบัดรักษาโรค', 375, 0, 0),
('400004048', 'Washer large', 'หมวดที่ 2 ค่าอวัยวะเทียมและอุปกรณ์ในการบำบัดรักษาโรค', 375, 0, 0),
('400004056', 'Dafilon B 6/0 45 DSMP13', 'หมวดที่ 5 ค่าเวชภัณฑ์มิใช่ยา เวชภัณฑ์ 1', 0, 0, 0),
('400004066', 'Wire poll No.24', 'หมวดที่ 2 ค่าอวัยวะเทียมและอุปกรณ์ในการบำบัดรักษาโรค', 1875, 0, 0),
('400004076', 'K-wire 2.0x280 MM.', 'หมวดที่ 2 ค่าอวัยวะเทียมและอุปกรณ์ในการบำบัดรักษาโรค', 750, 600, 0),
('400004090', 'Eyepad sterile #M', 'หมวดที่ 5 ค่าเวชภัณฑ์มิใช่ยา เวชภัณฑ์ 1', 8.75, 0, 0),
('400004091', 'Eyepad sterile #L', 'หมวดที่ 5 ค่าเวชภัณฑ์มิใช่ยา เวชภัณฑ์ 1', 8.75, 0, 0),
('400004092', 'Eyeshield sterile Left', 'หมวดที่ 5 ค่าเวชภัณฑ์มิใช่ยา เวชภัณฑ์ 1', 8.75, 0, 0),
('400004093', 'Eyeshield sterile Right', 'หมวดที่ 5 ค่าเวชภัณฑ์มิใช่ยา เวชภัณฑ์ 1', 8.75, 0, 0),
('400004097', 'UNOMETER', 'หมวดที่ 2 ค่าอวัยวะเทียมและอุปกรณ์ในการบำบัดรักษาโรค', 663, 0, 0),
('400004099', 'Redivac Drain # 12', 'หมวดที่ 5 ค่าเวชภัณฑ์มิใช่ยา เวชภัณฑ์ 1', 23, 0, 0),
('400004104', 'ขวด Jackson Drain 100 cc', 'หมวดที่ 5 ค่าเวชภัณฑ์มิใช่ยา เวชภัณฑ์ 1', 356, 0, 0),
('400004109', 'สารหนืด (VISCOAT 0.75 ML)', 'หมวดที่ 5 ค่าเวชภัณฑ์มิใช่ยา เวชภัณฑ์ 1', 2297, 0, 0),
('400004110', 'สารหนืดชนิดพิเศษ (Duovisc )', 'หมวดที่ 5 ค่าเวชภัณฑ์มิใช่ยา เวชภัณฑ์ 1', 2886, 0, 0),
('400004201', 'Snare 20 MM.', 'หมวดที่ 2 ค่าอวัยวะเทียมและอุปกรณ์ในการบำบัดรักษาโรค', 1827, 0, 0),
('400004202', 'Snare 25 MM.', 'หมวดที่ 2 ค่าอวัยวะเทียมและอุปกรณ์ในการบำบัดรักษาโรค', 1827, 0, 0),
('400004204', 'Asepto Syringe', 'หมวดที่ 16 ค่าบริการอื่นๆ ที่ไม่เกี่ยวกับการรักษาโดยตรง', 61, 61, 0),
('400004229', 'Surgicel haemostat 10x20 cm.', 'หมวดที่ 5 ค่าเวชภัณฑ์มิใช่ยา เวชภัณฑ์ 1', 678, 0, 0),
('400004230', 'Spongostan SPECIAL 70&#215;50&#215;1 mm', 'หมวดที่ 5 ค่าเวชภัณฑ์มิใช่ยา เวชภัณฑ์ 1', 331, 0, 0),
('400004231', 'Bone wax 12x2.5 grams', 'หมวดที่ 5 ค่าเวชภัณฑ์มิใช่ยา เวชภัณฑ์ 1', 160, 0, 0),
('400004242', 'สารหนืด (HEALALON GV 0.85 ML)', 'หมวดที่ 5 ค่าเวชภัณฑ์มิใช่ยา เวชภัณฑ์ 1', 1601, 0, 0),
('400004243', 'Vicryl no1 90cm (VCP359H)', '', 192, 0, 0),
('400004244', 'Prolene no.3/0 90cm (8558)', 'หมวดที่ 5 ค่าเวชภัณฑ์มิใช่ยา เวชภัณฑ์ 1', 272, 0, 0),
('400004260', 'MONOCRYL+UND 3/0 70CM (MCP3213H)', 'หมวดที่ 5 ค่าเวชภัณฑ์มิใช่ยา เวชภัณฑ์ 1', 257, 0, 0),
('400004261', 'MONOCRYL+UD 3/0 45CM', 'หมวดที่ 5 ค่าเวชภัณฑ์มิใช่ยา เวชภัณฑ์ 1', 282, 0, 0),
('400004262', 'MONOCRYL+VIO 4/0 36IN (MCP922H)', 'หมวดที่ 5 ค่าเวชภัณฑ์มิใช่ยา เวชภัณฑ์ 1', 214, 0, 0),
('400004263', 'MONOCRYL+UND 4/0 70CM (MCP3205G)', 'หมวดที่ 5 ค่าเวชภัณฑ์มิใช่ยา เวชภัณฑ์ 1', 269, 0, 0),
('400004264', 'MONOCRYL+UND 5/0 70CM (MCP500H)', 'หมวดที่ 5 ค่าเวชภัณฑ์มิใช่ยา เวชภัณฑ์ 1', 282, 0, 0),
('400004319', 'Tracheostomy Tube No.7.5', 'หมวดที่ 2 ค่าอวัยวะเทียมและอุปกรณ์ในการบำบัดรักษาโรค', 2274, 1900, 0),
('400004320', 'Tegaderm+Pad 6x10 cm. (3584)', 'หมวดที่ 5 ค่าเวชภัณฑ์มิใช่ยา เวชภัณฑ์ 1', 43, 0, 0),
('400004324', 'Syringe 3 cc.', '', 2, 2, 2),
('400004361', '\"Fiber Cast 3\"\"\"', 'หมวดที่ 5 ค่าเวชภัณฑ์ที่มิใช่ยา เวชภัณฑ์ 2', 294, 0, 0),
('400004362', '\"Fiber Cast 4\"\"\"', 'หมวดที่ 5 ค่าเวชภัณฑ์ที่มิใช่ยา เวชภัณฑ์ 2', 374, 0, 0),
('400004363', 'Nasal packing(Hemostat)', 'หมวดที่ 5 ค่าเวชภัณฑ์มิใช่ยา เวชภัณฑ์ 1', 380, 0, 0),
('400005107', 'Surgical Skin marker dual tip', 'หมวดที่ 5 ค่าเวชภัณฑ์มิใช่ยา เวชภัณฑ์ 1', 73, 0, 0),
('400005109', '\"เข็ม(Needle)#20x1\"\"\"', 'หมวดที่ 5 ค่าเวชภัณฑ์มิใช่ยา เวชภัณฑ์ 1', 1, 0, 0),
('400005110', '\"เข็ม(Needle)#21x1\"\"\"', 'หมวดที่ 5 ค่าเวชภัณฑ์มิใช่ยา เวชภัณฑ์ 1', 1, 0, 0),
('400005111', '\"เข็ม(Needle)#23x1\"\"\"', 'หมวดที่ 5 ค่าเวชภัณฑ์มิใช่ยา เวชภัณฑ์ 1', 1, 0, 0),
('400005113', '\"เข็ม(Needle)#25x1\"\"\"', 'หมวดที่ 5 ค่าเวชภัณฑ์มิใช่ยา เวชภัณฑ์ 1', 1, 0, 0),
('400005114', '\"เข็ม(Needle)#27x1\"\"\"', 'หมวดที่ 5 ค่าเวชภัณฑ์มิใช่ยา เวชภัณฑ์ 1', 1, 0, 0),
('400005115', '\"เข็ม(Needle)#27x1/2\"\"\"', 'หมวดที่ 5 ค่าเวชภัณฑ์มิใช่ยา เวชภัณฑ์ 1', 1, 0, 0),
('400005116', '\"เข็ม(Needle)#23x1 1/2\"\"\"', 'หมวดที่ 5 ค่าเวชภัณฑ์มิใช่ยา เวชภัณฑ์ 1', 1, 0, 0),
('400005117', '\"เข็ม(Needle)#24x1 1/2\"\"\"', 'หมวดที่ 5 ค่าเวชภัณฑ์มิใช่ยา เวชภัณฑ์ 1', 1, 0, 0),
('400005118', 'เข็ม(Needle)#25x1 1/2\"', '', 1, 1, 1),
('400005119', 'เข็ม(Needle)#20x1 1/2\"', '', 1, 1, 1),
('400005126', 'Penut Sterile', 'หมวดที่ 5 ค่าเวชภัณฑ์มิใช่ยา เวชภัณฑ์ 1', 9, 0, 0),
('400005132', 'Tube for irrigation (สายจ่ายน้ำ LC)', 'หมวดที่ 5 ค่าเวชภัณฑ์มิใช่ยา เวชภัณฑ์ 1', 1909, 0, 0),
('400005133', 'TISSEEL 2ml', 'หมวดที่ 5 ค่าเวชภัณฑ์มิใช่ยา เวชภัณฑ์ 1', 8346, 0, 0),
('400005184', 'Prolene BLU 2/0 75 cm (W295)', 'หมวดที่ 5 ค่าเวชภัณฑ์มิใช่ยา เวชภัณฑ์ 1', 174, 0, 0),
('400005190', 'Anterior Vitrectomy Probe 20G(3030600301000)', 'หมวดที่ 5 ค่าเวชภัณฑ์มิใช่ยา เวชภัณฑ์ 1', 6630, 0, 0),
('400005192', 'Silk 3/0 75CM HR 17', 'หมวดที่ 5 ค่าเวชภัณฑ์มิใช่ยา เวชภัณฑ์ 1', 0, 0, 0),
('400005194', 'OPTILENE MESH 7.5x15 CM', 'หมวดที่ 2 ค่าอวัยวะเทียมและอุปกรณ์ในการบำบัดรักษาโรค', 4375, 2800, 0),
('400005214', 'Ophthalmic Drape 150x300 Cm', 'หมวดที่ 5 ค่าเวชภัณฑ์ที่มิใช่ยา เวชภัณฑ์ 2', 380, 0, 0),
('400005221', 'Novosyn V 4/0 70 DS16', 'หมวดที่ 5 ค่าเวชภัณฑ์มิใช่ยา เวชภัณฑ์ 1', 399, 0, 0),
('400005222', 'Movosyn U 3/0 70CM DS19', 'หมวดที่ 5 ค่าเวชภัณฑ์มิใช่ยา เวชภัณฑ์ 1', 175, 0, 0),
('400005225', 'Novosyn U5/0 45CM DSMP11', 'หมวดที่ 5 ค่าเวชภัณฑ์มิใช่ยา เวชภัณฑ์ 1', 155, 0, 0),
('400005227', 'Novosyn V4/0 70CM DS19', 'หมวดที่ 5 ค่าเวชภัณฑ์มิใช่ยา เวชภัณฑ์ 1', 108, 0, 0),
('400005274', 'สารหนืด (AMVISC PLUS 0.8 ML)', 'หมวดที่ 5 ค่าเวชภัณฑ์ที่มิใช่ยา เวชภัณฑ์ 2', 1586, 0, 0),
('400005275', 'External Nasal Splint (Medium)', 'หมวดที่ 5 ค่าเวชภัณฑ์ที่มิใช่ยา เวชภัณฑ์ 2', 631, 0, 0),
('400005278', 'injection 25 g.', 'หมวดที่ 5 ค่าเวชภัณฑ์ที่มิใช่ยา เวชภัณฑ์ 2', 759, 0, 0),
('400005279', 'Single Use Hemoclip 12 mm.', 'หมวดที่ 5 ค่าเวชภัณฑ์ที่มิใช่ยา เวชภัณฑ์ 2', 701, 0, 0),
('400005293', 'Quill Barbed Suture PDO 45x45cm. #2', 'หมวดที่ 5 ค่าเวชภัณฑ์มิใช่ยา เวชภัณฑ์ 1', 1473, 0, 0),
('400005302', 'Micro plate 16 Holes Short P/2(68.87.59)', 'หมวดที่ 2 ค่าอวัยวะเทียมและอุปกรณ์ในการบำบัดรักษาโรค', 11250, 0, 0),
('400005310', 'Sterile Glove Microsurgery (Brown) # 6.5', 'หมวดที่ 5 ค่าเวชภัณฑ์มิใช่ยา เวชภัณฑ์ 1', 52.5, 0, 0),
('400005313', 'Suction Connecting 1.8 m', 'หมวดที่ 5 ค่าเวชภัณฑ์มิใช่ยา เวชภัณฑ์ 1', 55, 0, 0),
('400005314', 'Catheter Red Rubber #10', 'หมวดที่ 5 ค่าเวชภัณฑ์ที่มิใช่ยา เวชภัณฑ์ 2', 13, 0, 0),
('400005320', 'Nylon 3-0 Cutting 3/8 circ 19mm 75cm', 'หมวดที่ 5 ค่าเวชภัณฑ์มิใช่ยา เวชภัณฑ์ 1', 62, 0, 0),
('400005321', 'Nylon 4-0 Cutting 3/8 circ 19mm 75cm', 'หมวดที่ 5 ค่าเวชภัณฑ์มิใช่ยา เวชภัณฑ์ 1', 67, 0, 0),
('400005328', 'เข็ม(Needle)#18x1 1/2\"', '', 1, 1, 1),
('400005329', '\"เข็ม(Needle)#21x1 1/2\"\"\"', 'หมวดที่ 5 ค่าเวชภัณฑ์มิใช่ยา เวชภัณฑ์ 1', 1, 0, 0),
('400005330', 'เข็ม(Needle)#30x1/2\"', '', 2, 2, 2),
('400005349', 'Liga Clip size Small', 'หมวดที่ 5 ค่าเวชภัณฑ์มิใช่ยา เวชภัณฑ์ 1', 260, 0, 0),
('400005350', 'Liga Clip size Medium', 'หมวดที่ 5 ค่าเวชภัณฑ์มิใช่ยา เวชภัณฑ์ 1', 260, 0, 0),
('400005365', 'Sterile Glove # 6.5 (Green)', 'หมวดที่ 5 ค่าเวชภัณฑ์มิใช่ยา เวชภัณฑ์ 1', 61, 0, 0),
('400005366', 'Sterile Glove # 7.0 (Green)', '', 63, 63, 63),
('400006173', 'เลนส์แก้วตาเทียมพับได้GCB00Vpower+15.5', 'หมวดที่ 2 ค่าอวัยวะเทียมและอุปกรณ์ในการบำบัดรักษาโรค', 3125, 2800, 0),
('400006182', 'เลนส์แก้วตาเทียมพับได้GCB00Vpower+20.0', 'หมวดที่ 2 ค่าอวัยวะเทียมและอุปกรณ์ในการบำบัดรักษาโรค', 3125, 2800, 0),
('400006183', 'เลนส์แก้วตาเทียมพับได้GCB00Vpower+20.5', 'หมวดที่ 2 ค่าอวัยวะเทียมและอุปกรณ์ในการบำบัดรักษาโรค', 3125, 2800, 0),
('400006184', 'เลนส์แก้วตาเทียมพับได้GCB00Vpower+21.0', 'หมวดที่ 2 ค่าอวัยวะเทียมและอุปกรณ์ในการบำบัดรักษาโรค', 3125, 2800, 0),
('400006185', 'เลนส์แก้วตาเทียมพับได้GCB00Vpower+21.5', 'หมวดที่ 2 ค่าอวัยวะเทียมและอุปกรณ์ในการบำบัดรักษาโรค', 3125, 2800, 0),
('400006186', 'เลนส์แก้วตาเทียมพับได้GCB00Vpower+22.0', 'หมวดที่ 2 ค่าอวัยวะเทียมและอุปกรณ์ในการบำบัดรักษาโรค', 3125, 2800, 0),
('400006187', 'เลนส์แก้วตาเทียมพับได้GCB00Vpower+22.5', 'หมวดที่ 2 ค่าอวัยวะเทียมและอุปกรณ์ในการบำบัดรักษาโรค', 3125, 2800, 0),
('400006188', 'เลนส์แก้วตาเทียมพับได้GCB00Vpower+23.0', 'หมวดที่ 2 ค่าอวัยวะเทียมและอุปกรณ์ในการบำบัดรักษาโรค', 3125, 2800, 0),
('400006190', 'เลนส์แก้วตาเทียมพับได้GCB00Vpower+24.0', 'หมวดที่ 2 ค่าอวัยวะเทียมและอุปกรณ์ในการบำบัดรักษาโรค', 3125, 2800, 0),
('400006191', 'เลนส์แก้วตาเทียมพับได้GCB00Vpower+24.5', 'หมวดที่ 2 ค่าอวัยวะเทียมและอุปกรณ์ในการบำบัดรักษาโรค', 3125, 2800, 0),
('400006192', 'เลนส์แก้วตาเทียมพับได้GCB00Vpower+25.0', 'หมวดที่ 2 ค่าอวัยวะเทียมและอุปกรณ์ในการบำบัดรักษาโรค', 3125, 2800, 0),
('400006193', 'เลนส์แก้วตาเทียมพับได้GCB00Vpower+25.5', 'หมวดที่ 2 ค่าอวัยวะเทียมและอุปกรณ์ในการบำบัดรักษาโรค', 3125, 2800, 0),
('400006269', 'เลนส์แก้วตาเทียมพับได้AR40epower+19.0', 'หมวดที่ 2 ค่าอวัยวะเทียมและอุปกรณ์ในการบำบัดรักษาโรค', 3125, 2800, 0),
('400006274', 'เลนส์แก้วตาเทียมพับได้AR40epower+21.5', 'หมวดที่ 2 ค่าอวัยวะเทียมและอุปกรณ์ในการบำบัดรักษาโรค', 3125, 2800, 0),
('400006277', 'เลนส์แก้วตาเทียมพับได้AR40epower+23.0', 'หมวดที่ 2 ค่าอวัยวะเทียมและอุปกรณ์ในการบำบัดรักษาโรค', 3125, 2800, 0),
('400006278', 'เลนส์แก้วตาเทียมพับได้AR40epower+23.5', 'หมวดที่ 2 ค่าอวัยวะเทียมและอุปกรณ์ในการบำบัดรักษาโรค', 3125, 2800, 0),
('400006321', 'เลนส์แก้วตาเทียมพับได้ICB00power+19.5', 'หมวดที่ 2 ค่าอวัยวะเทียมและอุปกรณ์ในการบำบัดรักษาโรค', 7250, 2800, 0),
('400006323', 'เลนส์แก้วตาเทียมพับได้ICB00power+20.5', 'หมวดที่ 2 ค่าอวัยวะเทียมและอุปกรณ์ในการบำบัดรักษาโรค', 7250, 2800, 0),
('400006325', 'เลนส์แก้วตาเทียมพับได้ICB00power+21.5', 'หมวดที่ 2 ค่าอวัยวะเทียมและอุปกรณ์ในการบำบัดรักษาโรค', 7250, 2800, 0),
('400006326', 'เลนส์แก้วตาเทียมพับได้ICB00power+22.0', 'หมวดที่ 2 ค่าอวัยวะเทียมและอุปกรณ์ในการบำบัดรักษาโรค', 7250, 2800, 0),
('400006334', 'เลนส์แก้วตาเทียมพับได้ICB00power+26.0', 'หมวดที่ 2 ค่าอวัยวะเทียมและอุปกรณ์ในการบำบัดรักษาโรค', 7250, 2800, 0),
('400006470', 'Locking Screw 3.5x24mm.', 'หมวดที่ 2 ค่าอวัยวะเทียมและอุปกรณ์ในการบำบัดรักษาโรค', 1875, 1600, 0),
('400006471', 'Locking Screw 3.5x26mm.', 'หมวดที่ 2 ค่าอวัยวะเทียมและอุปกรณ์ในการบำบัดรักษาโรค', 1875, 1600, 0),
('400006472', 'Locking Screw 3.5x28mm.', 'หมวดที่ 2 ค่าอวัยวะเทียมและอุปกรณ์ในการบำบัดรักษาโรค', 1875, 1600, 0),
('400006475', 'Locking Screw 3.5x34mm.', 'หมวดที่ 2 ค่าอวัยวะเทียมและอุปกรณ์ในการบำบัดรักษาโรค', 1875, 1600, 0),
('400006478', 'Locking Screw 3.5x40mm.(05.2208-17)', 'หมวดที่ 2 ค่าอวัยวะเทียมและอุปกรณ์ในการบำบัดรักษาโรค', 1875, 1600, 0),
('400006481', 'Locking Screw 3.5x45mm.', 'หมวดที่ 2 ค่าอวัยวะเทียมและอุปกรณ์ในการบำบัดรักษาโรค', 1875, 1600, 0),
('400006569', 'CH Locking Plate-ii 3.5mm. 4H', 'หมวดที่ 2 ค่าอวัยวะเทียมและอุปกรณ์ในการบำบัดรักษาโรค', 17500, 0, 0),
('400006720', 'PFNA:Main Nails 10x200 mm.', 'หมวดที่ 2 ค่าอวัยวะเทียมและอุปกรณ์ในการบำบัดรักษาโรค', 27500, 24000, 0),
('400006733', 'CLINCH GRASP.FORCEPS 5MM/33CM W RATC', 'หมวดที่ 2 ค่าอวัยวะเทียมและอุปกรณ์ในการบำบัดรักษาโรค', 4013, 0, 0),
('400006742', 'GIA6038L GIA 60-3.8SGL USE LOADINGUNIT', 'หมวดที่ 2 ค่าอวัยวะเทียมและอุปกรณ์ในการบำบัดรักษาโรค', 5350, 0, 0),
('400006743', 'GIA6038S GIA 60-3.8SGL USE RELOAD STAP', 'หมวดที่ 2 ค่าอวัยวะเทียมและอุปกรณ์ในการบำบัดรักษาโรค', 10700, 0, 0),
('400006744', 'GIA8038L GIA 80-3.8SGL USE LOADING UNIT', 'หมวดที่ 2 ค่าอวัยวะเทียมและอุปกรณ์ในการบำบัดรักษาโรค', 6250, 0, 0),
('400006749', 'GIA10048L GIA 100-4.8 SGL USE LD UNIT X1', 'หมวดที่ 2 ค่าอวัยวะเทียมและอุปกรณ์ในการบำบัดรักษาโรค', 6250, 0, 0),
('400006782', 'ANCHOR BPT12STS BLUNT 12 STD THReaDED', 'หมวดที่ 2 ค่าอวัยวะเทียมและอุปกรณ์ในการบำบัดรักษาโรค', 5618, 0, 0),
('400006910', '3.5 mm Corkscrew Suture Anchor w/one#2', 'หมวดที่ 2 ค่าอวัยวะเทียมและอุปกรณ์ในการบำบัดรักษาโรค', 8125, 6000, 0),
('400006911', '5.0 mm Corkscrew Suture Anchor w/one#2', 'หมวดที่ 2 ค่าอวัยวะเทียมและอุปกรณ์ในการบำบัดรักษาโรค', 8125, 6000, 0),
('400006926', 'SwiveLock 3.5 x 15.8 mm', 'หมวดที่ 2 ค่าอวัยวะเทียมและอุปกรณ์ในการบำบัดรักษาโรค', 18750, 0, 0),
('400007415', 'Dissector, 3.8 mm x 13 cm', 'หมวดที่ 2 ค่าอวัยวะเทียมและอุปกรณ์ในการบำบัดรักษาโรค', 4750, 4500, 0),
('400007416', 'Dissector, 5.0 mm x 13 cm', 'หมวดที่ 2 ค่าอวัยวะเทียมและอุปกรณ์ในการบำบัดรักษาโรค', 4750, 4500, 0),
('400007418', 'Burr, Oval, 4.0 mm x 13 cm', 'หมวดที่ 2 ค่าอวัยวะเทียมและอุปกรณ์ในการบำบัดรักษาโรค', 6000, 4500, 0),
('400007452', 'Syring 50 CC (Luer Lock Tip)', 'หมวดที่ 5 ค่าเวชภัณฑ์มิใช่ยา เวชภัณฑ์ 1', 26.5, 0, 0),
('400007477', 'Sterile Glove # 8.5 (Green)', 'หมวดที่ 5 ค่าเวชภัณฑ์มิใช่ยา เวชภัณฑ์ 1', 61, 0, 0),
('400007478', 'FOAM LITE 5x5 cm', 'หมวดที่ 5 ค่าเวชภัณฑ์มิใช่ยา เวชภัณฑ์ 1', 52.5, 0, 0),
('400007479', 'FOAM LITE 5.5x12 cm', 'หมวดที่ 5 ค่าเวชภัณฑ์มิใช่ยา เวชภัณฑ์ 1', 55, 0, 0),
('400007480', 'FOAM LITE 8x8 cm', 'หมวดที่ 5 ค่าเวชภัณฑ์มิใช่ยา เวชภัณฑ์ 1', 59, 0, 0),
('400007507', 'Ethilon black no.1 90 mm. 75 cm. (W689)', 'หมวดที่ 5 ค่าเวชภัณฑ์มิใช่ยา เวชภัณฑ์ 1', 338, 0, 0),
('400007510', 'nylon 10-0/Cut 6.0 mm. (6401N)', 'หมวดที่ 5 ค่าเวชภัณฑ์มิใช่ยา เวชภัณฑ์ 1', 241, 0, 0),
('400007511', 'Nylon 10-0/Cut 6.0 mm. (6402N)', 'หมวดที่ 5 ค่าเวชภัณฑ์มิใช่ยา เวชภัณฑ์ 1', 327, 0, 0),
('400007557', 'ถุงคลุม Fluoroscopy size L 120 cm', 'หมวดที่ 5 ค่าเวชภัณฑ์มิใช่ยา เวชภัณฑ์ 1', 86.5, 0, 0),
('400007558', 'ถุงคลุม Fluoroscopy size XL 150 cm', 'หมวดที่ 5 ค่าเวชภัณฑ์มิใช่ยา เวชภัณฑ์ 1', 97, 0, 0),
('400007559', 'ถุงคลุม C-ARM size 30x191 cm', 'หมวดที่ 5 ค่าเวชภัณฑ์มิใช่ยา เวชภัณฑ์ 1', 61, 0, 0),
('400007560', 'Steri-Strip 1/4x4 นิ้ว  (R1546)', 'หมวดที่ 5 ค่าเวชภัณฑ์มิใช่ยา เวชภัณฑ์ 1', 29, 0, 0),
('400007565', 'SILK 0 13x60 cm. Black', 'หมวดที่ 5 ค่าเวชภัณฑ์มิใช่ยา เวชภัณฑ์ 1', 113, 0, 0),
('400007566', 'SILK 1 13x60 cm. Black (W215)', 'หมวดที่ 5 ค่าเวชภัณฑ์มิใช่ยา เวชภัณฑ์ 1', 131, 0, 0),
('400007567', 'SILK 2/0 13x60cm  (W213)', '', 109, 0, 0),
('400007568', 'SILK 3 13x60 cm. Black', '', 101, 0, 0),
('400007570', 'SILK 1 35mm 1/2Taper point 75cm Black (W33803)', 'หมวดที่ 5 ค่าเวชภัณฑ์มิใช่ยา เวชภัณฑ์ 1', 114, 0, 0),
('400007571', 'SILK 3/0 25mm 1/2 Round 75cm Black', 'หมวดที่ 5 ค่าเวชภัณฑ์มิใช่ยา เวชภัณฑ์ 1', 104, 0, 0),
('400007578', 'Spine pump Tubing set (JTSB350D)', 'หมวดที่ 5 ค่าเวชภัณฑ์มิใช่ยา เวชภัณฑ์ 1', 4710, 0, 0),
('400007583', 'Surgical Gown Size.LL', '', 117, 117, 117),
('400007584', 'Surgical Gown Size.XLL', 'หมวดที่ 5 ค่าเวชภัณฑ์มิใช่ยา เวชภัณฑ์ 1', 93.5, 0, 0),
('400007625', 'Catheter Red Rubber #12', 'หมวดที่ 5 ค่าเวชภัณฑ์มิใช่ยา เวชภัณฑ์ 1', 13, 0, 0),
('400007667', 'Dafilon B 5/0 45CM DS12', 'หมวดที่ 5 ค่าเวชภัณฑ์มิใช่ยา เวชภัณฑ์ 1', 72, 0, 0),
('400007668', 'Dafilon B 6/0 45CM DS12', 'หมวดที่ 5 ค่าเวชภัณฑ์มิใช่ยา เวชภัณฑ์ 1', 72, 0, 0),
('400007922', 'สารหนืดเคลือบกระจกตา (OP#COVER 2.2% Hypromellose)', 'หมวดที่ 5 ค่าเวชภัณฑ์มิใช่ยา เวชภัณฑ์ 1', 448, 0, 0),
('400007928', 'Prolene no.3/0 90cm(W8936)', 'หมวดที่ 5 ค่าเวชภัณฑ์มิใช่ยา เวชภัณฑ์ 1', 316, 0, 0),
('400007929', 'Prolene no.6/0 60cm(EP8726H)', 'หมวดที่ 5 ค่าเวชภัณฑ์มิใช่ยา เวชภัณฑ์ 1', 749, 0, 0),
('400007943', 'Vaccuam Drain Mini set 30 cc.', 'หมวดที่ 5 ค่าเวชภัณฑ์มิใช่ยา เวชภัณฑ์ 1', 299, 0, 0),
('400007958', '\"Jagwire .025\"\"/450cm 56561\"', 'หมวดที่ 2 ค่าอวัยวะเทียมและอุปกรณ์ในการบำบัดรักษาโรค', 6875, 0, 0),
('400007959', '\"Jagwire .035\"\"/450cm 5658\"', 'หมวดที่ 2 ค่าอวัยวะเทียมและอุปกรณ์ในการบำบัดรักษาโรค', 6875, 0, 0),
('400007960', 'Truetome 44, 30 mm cutting 8418', 'หมวดที่ 2 ค่าอวัยวะเทียมและอุปกรณ์ในการบำบัดรักษาโรค', 6875, 0, 0),
('400007967', 'CRE 12-15mm / 5.5 cm/ 180cm 5863', 'หมวดที่ 2 ค่าอวัยวะเทียมและอุปกรณ์ในการบำบัดรักษาโรค', 10000, 0, 0),
('400007969', 'Extractor Pro XL12-15 mm Above 4711', 'หมวดที่ 2 ค่าอวัยวะเทียมและอุปกรณ์ในการบำบัดรักษาโรค', 5591, 0, 0),
('400007974', 'Extractor Pro XL15-18 mm Above 4712', 'หมวดที่ 2 ค่าอวัยวะเทียมและอุปกรณ์ในการบำบัดรักษาโรค', 5377, 0, 0),
('400007988', 'ผ้าปูผ่าตัด(Buttocks Drape)', 'หมวดที่ 5 ค่าเวชภัณฑ์มิใช่ยา เวชภัณฑ์ 1', 264, 0, 0),
('400008023', 'Suture Anchor ULTRABRAID 2.8 Ti', 'หมวดที่ 2 ค่าอวัยวะเทียมและอุปกรณ์ในการบำบัดรักษาโรค', 7500, 6000, 0),
('400008542', 'Locking Head Screw 3.5,L.16 mm.', 'หมวดที่ 2 ค่าอวัยวะเทียมและอุปกรณ์ในการบำบัดรักษาโรค', 2625, 1600, 0),
('400008543', 'Locking Head Screw 3.5,L.18 mm.', 'หมวดที่ 2 ค่าอวัยวะเทียมและอุปกรณ์ในการบำบัดรักษาโรค', 2625, 1600, 0),
('400008547', 'Locking Head Screw 3.5,L.26 mm.', 'หมวดที่ 2 ค่าอวัยวะเทียมและอุปกรณ์ในการบำบัดรักษาโรค', 2625, 1600, 0),
('400008549', 'Locking Head Screw 3.5,L.30 mm.', 'หมวดที่ 2 ค่าอวัยวะเทียมและอุปกรณ์ในการบำบัดรักษาโรค', 2625, 1600, 0),
('400008550', 'Locking Head Screw 3.5,L.32 mm.', 'หมวดที่ 2 ค่าอวัยวะเทียมและอุปกรณ์ในการบำบัดรักษาโรค', 2625, 1600, 0),
('400008552', 'Locking Head Screw 3.5,L.35 mm.', 'หมวดที่ 2 ค่าอวัยวะเทียมและอุปกรณ์ในการบำบัดรักษาโรค', 2625, 1600, 0),
('400008555', 'Locking Head Screw 3.5,L.40 mm.', 'หมวดที่ 2 ค่าอวัยวะเทียมและอุปกรณ์ในการบำบัดรักษาโรค', 2625, 1600, 0),
('400008556', 'Locking Head Screw 3.5,L.45 mm.', 'หมวดที่ 2 ค่าอวัยวะเทียมและอุปกรณ์ในการบำบัดรักษาโรค', 2625, 1600, 0),
('400008557', 'Locking Head Screw 3.5,L.50 mm.', 'หมวดที่ 2 ค่าอวัยวะเทียมและอุปกรณ์ในการบำบัดรักษาโรค', 2625, 1600, 0),
('400008558', 'Locking Head Screw 3.5,L.55 mm.', 'หมวดที่ 2 ค่าอวัยวะเทียมและอุปกรณ์ในการบำบัดรักษาโรค', 2625, 1600, 0),
('400008559', 'Locking Head Screw 3.5,L.60 mm.', 'หมวดที่ 2 ค่าอวัยวะเทียมและอุปกรณ์ในการบำบัดรักษาโรค', 2625, 1600, 0),
('400008560', 'Locking Head Screw 3.5,L.65 mm.', 'หมวดที่ 2 ค่าอวัยวะเทียมและอุปกรณ์ในการบำบัดรักษาโรค', 2625, 1600, 0),
('400008630', 'PHILOS - Proximal Humeral Plate 3.5,5 h.', 'หมวดที่ 2 ค่าอวัยวะเทียมและอุปกรณ์ในการบำบัดรักษาโรค', 22500, 0, 0),
('400008638', 'Cortex Screw ,self-tap 2.4 Length 12mm.', 'หมวดที่ 2 ค่าอวัยวะเทียมและอุปกรณ์ในการบำบัดรักษาโรค', 1113, 300, 0),
('400008649', 'Cortex Screw ,self-tap 2.7 Length 12 mm.', 'หมวดที่ 2 ค่าอวัยวะเทียมและอุปกรณ์ในการบำบัดรักษาโรค', 1738, 300, 0),
('400008651', 'Cortex Screw ,self-tap 2.7 Length 16 mm.', 'หมวดที่ 2 ค่าอวัยวะเทียมและอุปกรณ์ในการบำบัดรักษาโรค', 1738, 300, 0),
('400008652', 'Cortex Screw ,self-tap 2.7 Length 18 mm.', 'หมวดที่ 2 ค่าอวัยวะเทียมและอุปกรณ์ในการบำบัดรักษาโรค', 1738, 300, 0),
('400008660', 'VA Locking Screw Star 2.4,S/T, L.12 mm.', 'หมวดที่ 2 ค่าอวัยวะเทียมและอุปกรณ์ในการบำบัดรักษาโรค', 2625, 1600, 0),
('400008661', 'VA Locking Screw Star 2.4,S/T,L.14 mm.', 'หมวดที่ 2 ค่าอวัยวะเทียมและอุปกรณ์ในการบำบัดรักษาโรค', 2625, 1600, 0),
('400008662', 'VA Locking Screw Star 2.4,S/T,L. 16 mm.', 'หมวดที่ 2 ค่าอวัยวะเทียมและอุปกรณ์ในการบำบัดรักษาโรค', 2625, 1600, 0),
('400008663', 'VA Locking Screw Star 2.4,S/T,L.18 mm.', 'หมวดที่ 2 ค่าอวัยวะเทียมและอุปกรณ์ในการบำบัดรักษาโรค', 2625, 1600, 0),
('400008664', 'VA Locking Screw Star 2.4,S/T, L.20 mm.', 'หมวดที่ 2 ค่าอวัยวะเทียมและอุปกรณ์ในการบำบัดรักษาโรค', 2625, 1600, 0),
('400008665', 'VA Locking Screw Star 2.4,S/T,L. 22 mm.', 'หมวดที่ 2 ค่าอวัยวะเทียมและอุปกรณ์ในการบำบัดรักษาโรค', 2625, 1600, 0),
('400008666', 'VA Locking Screw Star 2.4,S/T, L.24 mm.', 'หมวดที่ 2 ค่าอวัยวะเทียมและอุปกรณ์ในการบำบัดรักษาโรค', 2625, 1600, 0),
('400008670', 'VA-LCP TC.DRP2.4,volar,2+6h.42mm/R', 'หมวดที่ 2 ค่าอวัยวะเทียมและอุปกรณ์ในการบำบัดรักษาโรค', 22500, 0, 0),
('400008671', 'VA-LCP TC.DRP2.4,volar,2+6h.42mm/L', 'หมวดที่ 2 ค่าอวัยวะเทียมและอุปกรณ์ในการบำบัดรักษาโรค', 22500, 0, 0),
('400008673', 'VA-LCP TC.DRP2.4,volar,3+6h.51mm/L', 'หมวดที่ 2 ค่าอวัยวะเทียมและอุปกรณ์ในการบำบัดรักษาโรค', 22500, 0, 0),
('400008677', 'VA-LCP TC.DRP2.4,volar,5+6h.72mm/L', 'หมวดที่ 2 ค่าอวัยวะเทียมและอุปกรณ์ในการบำบัดรักษาโรค', 22500, 0, 0),
('400008678', 'VA-LCP Two DRP2.4volar,R,3+6H/54mm', 'หมวดที่ 2 ค่าอวัยวะเทียมและอุปกรณ์ในการบำบัดรักษาโรค', 21250, 0, 0),
('400008709', 'LCP Proximal Radius P2/5H.Right/37.5Head', 'หมวดที่ 2 ค่าอวัยวะเทียมและอุปกรณ์ในการบำบัดรักษาโรค', 22500, 0, 0),
('400008770', 'LCP Olecranon Plate 3.5, 4 Holes Rt.', 'หมวดที่ 2 ค่าอวัยวะเทียมและอุปกรณ์ในการบำบัดรักษาโรค', 22500, 0, 0),
('400008782', 'Cannulated Locking Screw 5.0, L,85mm.', 'หมวดที่ 2 ค่าอวัยวะเทียมและอุปกรณ์ในการบำบัดรักษาโรค', 4444, 0, 0),
('400008892', 'LCP Locking Screw 2.7 mm L. 12 mm.', 'หมวดที่ 2 ค่าอวัยวะเทียมและอุปกรณ์ในการบำบัดรักษาโรค', 2625, 1600, 0),
('400008893', 'LCP Locking Screw 2.7 mm L. 14 mm.', 'หมวดที่ 2 ค่าอวัยวะเทียมและอุปกรณ์ในการบำบัดรักษาโรค', 2625, 1600, 0),
('400008894', 'LCP Locking Screw 2.7 mm L. 18 mm.', 'หมวดที่ 2 ค่าอวัยวะเทียมและอุปกรณ์ในการบำบัดรักษาโรค', 2625, 1600, 0),
('400008895', 'LCP Locking Screw 2.7 mm L. 20 mm.', 'หมวดที่ 2 ค่าอวัยวะเทียมและอุปกรณ์ในการบำบัดรักษาโรค', 2625, 1600, 0),
('400008896', 'LCP Locking Screw 2.7 mm L. 22 mm.', 'หมวดที่ 2 ค่าอวัยวะเทียมและอุปกรณ์ในการบำบัดรักษาโรค', 2625, 1600, 0),
('400008897', 'LCP Locking Screw 2.7 mm L. 24 mm.', 'หมวดที่ 2 ค่าอวัยวะเทียมและอุปกรณ์ในการบำบัดรักษาโรค', 2625, 1600, 0);
INSERT INTO `item` (`item_code`, `item_name`, `item_category`, `item_unitprice`, `item_uc_price`, `item_ofc_price`) VALUES
('400008992', 'LCP Posterior M.P.T.P 3.5,2h/L79mm', 'หมวดที่ 2 ค่าอวัยวะเทียมและอุปกรณ์ในการบำบัดรักษาโรค', 22500, 0, 0),
('400008996', 'Cortex Screw 2.7 L.14mm.', 'หมวดที่ 2 ค่าอวัยวะเทียมและอุปกรณ์ในการบำบัดรักษาโรค', 525, 300, 0),
('400009014', 'HCS-Headless Screw 1.5 mm, L.16/4 mm.', 'หมวดที่ 2 ค่าอวัยวะเทียมและอุปกรณ์ในการบำบัดรักษาโรค', 12225, 3000, 0),
('400009095', 'Cannulated Screw6.5,self-drilling L55mm', 'หมวดที่ 2 ค่าอวัยวะเทียมและอุปกรณ์ในการบำบัดรักษาโรค', 4207, 0, 0),
('400009162', 'Washer 13mm.', 'หมวดที่ 2 ค่าอวัยวะเทียมและอุปกรณ์ในการบำบัดรักษาโรค', 325, 0, 0),
('400009163', 'Threaded Guide Wire 2.8x300mm.', 'หมวดที่ 2 ค่าอวัยวะเทียมและอุปกรณ์ในการบำบัดรักษาโรค', 1082, 300, 0),
('400009227', 'Cortex Screw Stardrive® 1.5 mm,L.22mm.', 'หมวดที่ 2 ค่าอวัยวะเทียมและอุปกรณ์ในการบำบัดรักษาโรค', 1250, 300, 0),
('400009541', 'PFNA Blade perforated, L.75 mm.', 'หมวดที่ 2 ค่าอวัยวะเทียมและอุปกรณ์ในการบำบัดรักษาโรค', 17319, 0, 0),
('400009542', 'PFNA Blade perforated, L.80 mm.', 'หมวดที่ 2 ค่าอวัยวะเทียมและอุปกรณ์ในการบำบัดรักษาโรค', 17319, 0, 0),
('400009543', 'PFNA Blade perforated, L.85 mm.', 'หมวดที่ 2 ค่าอวัยวะเทียมและอุปกรณ์ในการบำบัดรักษาโรค', 17319, 0, 0),
('400009544', 'PFNA Blade perforated, L.90 mm.', 'หมวดที่ 2 ค่าอวัยวะเทียมและอุปกรณ์ในการบำบัดรักษาโรค', 34638, 0, 0),
('400009545', 'PFNA Blade perforated, L.95 mm.', 'หมวดที่ 2 ค่าอวัยวะเทียมและอุปกรณ์ในการบำบัดรักษาโรค', 17319, 0, 0),
('400009553', 'Locking Bolt Stardrive 5.0 x 32 mm.', 'หมวดที่ 2 ค่าอวัยวะเทียมและอุปกรณ์ในการบำบัดรักษาโรค', 2500, 0, 0),
('400009554', 'Locking Bolt Stardrive 5.0 x 34mm.', 'หมวดที่ 2 ค่าอวัยวะเทียมและอุปกรณ์ในการบำบัดรักษาโรค', 5000, 0, 0),
('400009555', 'Locking Bolt Stardrive 5.0 x 36 mm.', 'หมวดที่ 2 ค่าอวัยวะเทียมและอุปกรณ์ในการบำบัดรักษาโรค', 2500, 0, 0),
('400009557', 'Locking Bolt Stardrive 5.0 x 40 mm.', 'หมวดที่ 2 ค่าอวัยวะเทียมและอุปกรณ์ในการบำบัดรักษาโรค', 2500, 0, 0),
('400009560', 'Locking Bolt 4.9 x 46 mm.', 'หมวดที่ 2 ค่าอวัยวะเทียมและอุปกรณ์ในการบำบัดรักษาโรค', 1300, 0, 0),
('400009564', 'PFNA small , 10.0 mm.', 'หมวดที่ 2 ค่าอวัยวะเทียมและอุปกรณ์ในการบำบัดรักษาโรค', 14375, 0, 0),
('400009565', 'PFNA small , 11.0 mm.', 'หมวดที่ 2 ค่าอวัยวะเทียมและอุปกรณ์ในการบำบัดรักษาโรค', 28750, 0, 0),
('400009567', 'PFNA small , 9.0 mm.', 'หมวดที่ 2 ค่าอวัยวะเทียมและอุปกรณ์ในการบำบัดรักษาโรค', 14375, 0, 0),
('400009568', 'PFNA End Cap ,extension', 'หมวดที่ 2 ค่าอวัยวะเทียมและอุปกรณ์ในการบำบัดรักษาโรค', 1875, 0, 0),
('400009627', 'INTRAPORT', 'หมวดที่ 5 ค่าเวชภัณฑ์มิใช่ยา เวชภัณฑ์ 1', 11243, 0, 0),
('400009628', 'Hemo-Lok ML Clips(green)', 'หมวดที่ 5 ค่าเวชภัณฑ์มิใช่ยา เวชภัณฑ์ 1', 1381, 0, 0),
('400009651', 'Lnk Spinal Fixation System (ระดับแรก)', 'หมวดที่ 2 ค่าอวัยวะเทียมและอุปกรณ์ในการบำบัดรักษาโรค', 24625, 0, 0),
('400009654', 'Lnk Lumbar Inter Fusion Cage System', 'หมวดที่ 2 ค่าอวัยวะเทียมและอุปกรณ์ในการบำบัดรักษาโรค', 15000, 0, 0),
('400009686', 'Lnk Spinal Fixation System (ระดับถัดไป)', 'หมวดที่ 2 ค่าอวัยวะเทียมและอุปกรณ์ในการบำบัดรักษาโรค', 12313, 0, 0),
('400009691', 'AQUACEL AG Foam (Non-Adhesive)', 'หมวดที่ 5 ค่าเวชภัณฑ์มิใช่ยา เวชภัณฑ์ 1', 214, 0, 0),
('400009694', 'Serres Suction bag 2,000 ml. สำหรับ OR', 'หมวดที่ 5 ค่าเวชภัณฑ์มิใช่ยา เวชภัณฑ์ 1', 97, 0, 0),
('400009695', 'Serres Suction bag 3,000 ml. สำหรับ OR', '', 109, 0, 0),
('400009696', 'Eye Pad Sterile', 'หมวดที่ 5 ค่าเวชภัณฑ์มิใช่ยา เวชภัณฑ์ 1', 0, 0, 0),
('400009697', 'CELLULOSE POINTS', 'หมวดที่ 5 ค่าเวชภัณฑ์มิใช่ยา เวชภัณฑ์ 1', 0, 0, 0),
('400009698', 'Prolene 10/0 23 cm เข็มตรงคู่ 16 mm.', 'หมวดที่ 5 ค่าเวชภัณฑ์มิใช่ยา เวชภัณฑ์ 1', 0, 0, 0),
('400009699', 'Prolene 10/0 30 CM.เข็มคู่ 6.5 MM.', 'หมวดที่ 5 ค่าเวชภัณฑ์มิใช่ยา เวชภัณฑ์ 1', 823, 0, 0),
('400009846', 'Injection 23G', 'หมวดที่ 5 ค่าเวชภัณฑ์มิใช่ยา เวชภัณฑ์ 1', 759, 0, 0),
('400009847', 'Single Use Hemoclip 15 mm.', 'หมวดที่ 5 ค่าเวชภัณฑ์มิใช่ยา เวชภัณฑ์ 1', 764, 0, 0),
('400010049', 'Slit Knife 2.75 mm.', 'หมวดที่ 2 ค่าอวัยวะเทียมและอุปกรณ์ในการบำบัดรักษาโรค', 302, 0, 0),
('400010058', 'VICRYL VIO 8/0 30cm.  (W9560)', 'หมวดที่ 5 ค่าเวชภัณฑ์มิใช่ยา เวชภัณฑ์ 1', 576, 0, 0),
('400010059', 'ULTRATAPE 2 MM. BLUE 38 LENGTH(6)', 'หมวดที่ 5 ค่าเวชภัณฑ์มิใช่ยา เวชภัณฑ์ 1', 3141, 0, 0),
('400010070', 'DISPOSABLE KNIFE 1.0MM (CLEAR CUT)', 'หมวดที่ 2 ค่าอวัยวะเทียมและอุปกรณ์ในการบำบัดรักษาโรค', 373, 0, 0),
('400010078', 'tampon sterile', 'หมวดที่ 5 ค่าเวชภัณฑ์มิใช่ยา เวชภัณฑ์ 1', 11.5, 0, 0),
('400010080', 'Centurion Active Pack', 'หมวดที่ 5 ค่าเวชภัณฑ์มิใช่ยา เวชภัณฑ์ 1', 1827, 0, 0),
('400010081', 'ETHIBOND 1 GRN 30 IN 2 NON (D8811)', 'หมวดที่ 5 ค่าเวชภัณฑ์มิใช่ยา เวชภัณฑ์ 1', 1036, 0, 0),
('400010082', 'ETHIBOND 1 GRN 3x30 IN 5 NON(D6296)', 'หมวดที่ 5 ค่าเวชภัณฑ์มิใช่ยา เวชภัณฑ์ 1', 934, 0, 0),
('400010115', 'ULTRA FAST-FIX ASSEMBLY - CURVED', 'หมวดที่ 2 ค่าอวัยวะเทียมและอุปกรณ์ในการบำบัดรักษาโรค', 7500, 5000, 0),
('400010116', 'ULTRA FAST-FIX ASSY - REVERSE CURVE', 'หมวดที่ 2 ค่าอวัยวะเทียมและอุปกรณ์ในการบำบัดรักษาโรค', 6250, 5000, 0),
('400010119', 'FAST-FIX 360 CURVED NDL DELIVERY SYS', 'หมวดที่ 2 ค่าอวัยวะเทียมและอุปกรณ์ในการบำบัดรักษาโรค', 7500, 5000, 0),
('400010201', 'TWINFIX TI 3.5 ULTRABRAID', 'หมวดที่ 2 ค่าอวัยวะเทียมและอุปกรณ์ในการบำบัดรักษาโรค', 7500, 6000, 0),
('400010202', 'TWINFIX TI 2.8 ULTRABRAID', 'หมวดที่ 2 ค่าอวัยวะเทียมและอุปกรณ์ในการบำบัดรักษาโรค', 7500, 6000, 0),
('400010203', 'TWINFIX TI 5.0 ULTRABRAID', 'หมวดที่ 2 ค่าอวัยวะเทียมและอุปกรณ์ในการบำบัดรักษาโรค', 7500, 6000, 0),
('400010251', 'PFC SIG MOD TIB TRAY CEM SZ2.5(866029)', 'หมวดที่ 2 ค่าอวัยวะเทียมและอุปกรณ์ในการบำบัดรักษาโรค', 14375, 0, 0),
('400010252', 'PFC SIGMA MOD TIB TRAY CEM SZ2(866022)', 'หมวดที่ 2 ค่าอวัยวะเทียมและอุปกรณ์ในการบำบัดรักษาโรค', 14375, 0, 0),
('400010253', 'PFC SIGMA MOD TIB TRAY CEM SZ3(866023)', 'หมวดที่ 2 ค่าอวัยวะเทียมและอุปกรณ์ในการบำบัดรักษาโรค', 14375, 0, 0),
('400010307', 'PFC SIGMA OVL DOME PAT 3PEG32(960100)', 'หมวดที่ 2 ค่าอวัยวะเทียมและอุปกรณ์ในการบำบัดรักษาโรค', 0, 0, 0),
('400010308', 'PFC SIGMA OVL DOME PAT 3PEG 35(960101)', 'หมวดที่ 2 ค่าอวัยวะเทียมและอุปกรณ์ในการบำบัดรักษาโรค', 0, 0, 0),
('400010457', 'CORAIL AMT COLLAR SIZE 12', 'หมวดที่ 2 ค่าอวัยวะเทียมและอุปกรณ์ในการบำบัดรักษาโรค', 28750, 0, 0),
('400010458', 'CORAIL AMT COLLAR SIZE 13', 'หมวดที่ 2 ค่าอวัยวะเทียมและอุปกรณ์ในการบำบัดรักษาโรค', 28750, 0, 0),
('400010473', 'ARTICUL/EZE BALL 28 +1.5 GR', 'หมวดที่ 2 ค่าอวัยวะเทียมและอุปกรณ์ในการบำบัดรักษาโรค', 8750, 0, 0),
('400010685', 'SELF CENT HIP 44X28 GRY', 'หมวดที่ 2 ค่าอวัยวะเทียมและอุปกรณ์ในการบำบัดรักษาโรค', 16250, 0, 0),
('400010701', 'SMARTSET GHV GENTAMICIN 40G(3095040)', 'หมวดที่ 2 ค่าอวัยวะเทียมและอุปกรณ์ในการบำบัดรักษาโรค', 4750, 0, 0),
('400010727', 'MONOSYN  4/0  HR17 70 cm. 1/2 round', 'หมวดที่ 5 ค่าเวชภัณฑ์มิใช่ยา เวชภัณฑ์ 1', 165, 0, 0),
('400010729', 'แผ่นรองตัวผู้ป่วย (REM Plate Adult)', 'หมวดที่ 5 ค่าเวชภัณฑ์มิใช่ยา เวชภัณฑ์ 1', 223, 0, 0),
('400010750', 'CT LUCIA 621P TIP2.0 DPT 14.0', 'หมวดที่ 2 ค่าอวัยวะเทียมและอุปกรณ์ในการบำบัดรักษาโรค', 3113, 2800, 0),
('400010762', 'CT LUCIA 621P TIP2.0 DPT 20.0', 'หมวดที่ 2 ค่าอวัยวะเทียมและอุปกรณ์ในการบำบัดรักษาโรค', 3113, 2800, 0),
('400010763', 'CT LUCIA 621P TIP2.0 DPT 20.5', 'หมวดที่ 2 ค่าอวัยวะเทียมและอุปกรณ์ในการบำบัดรักษาโรค', 3113, 2800, 0),
('400010765', 'CT LUCIA 621P TIP2.0 DPT 21.5', 'หมวดที่ 2 ค่าอวัยวะเทียมและอุปกรณ์ในการบำบัดรักษาโรค', 3113, 2800, 0),
('400010766', 'CT LUCIA 621P TIP2.0 DPT 22.0', 'หมวดที่ 2 ค่าอวัยวะเทียมและอุปกรณ์ในการบำบัดรักษาโรค', 3113, 2800, 0),
('400010768', 'CT LUCIA 621P TIP2.0 DPT 23.0', 'หมวดที่ 2 ค่าอวัยวะเทียมและอุปกรณ์ในการบำบัดรักษาโรค', 3113, 2800, 0),
('400010769', 'CT LUCIA 621P TIP2.0 DPT 23.5', 'หมวดที่ 2 ค่าอวัยวะเทียมและอุปกรณ์ในการบำบัดรักษาโรค', 3113, 2800, 0),
('400010770', 'CT LUCIA 621P TIP2.0 DPT 24.0', 'หมวดที่ 2 ค่าอวัยวะเทียมและอุปกรณ์ในการบำบัดรักษาโรค', 3113, 2800, 0),
('400010773', 'CT LUCIA 621P TIP2.0 DPT 25.5', 'หมวดที่ 2 ค่าอวัยวะเทียมและอุปกรณ์ในการบำบัดรักษาโรค', 3113, 2800, 0),
('400010775', 'CT LUCIA 621P TIP2.0 DPT 26.5', 'หมวดที่ 2 ค่าอวัยวะเทียมและอุปกรณ์ในการบำบัดรักษาโรค', 3113, 2800, 0),
('400010835', 'LUPINE BR ANCHOR (210712)', 'หมวดที่ 2 ค่าอวัยวะเทียมและอุปกรณ์ในการบำบัดรักษาโรค', 9363, 6000, 0),
('400010844', '5.5MM HEALIX ADV SP PEEK CE (228056)', 'หมวดที่ 2 ค่าอวัยวะเทียมและอุปกรณ์ในการบำบัดรักษาโรค', 15000, 6000, 0),
('400010845', '5.0MM FASTIN TI ANCHOR (222993)', 'หมวดที่ 2 ค่าอวัยวะเทียมและอุปกรณ์ในการบำบัดรักษาโรค', 7500, 6000, 0),
('400010849', 'PERMATAPE 2.5 BLUE 1 PK (223169)', 'หมวดที่ 5 ค่าเวชภัณฑ์มิใช่ยา เวชภัณฑ์ 1', 3125, 0, 0),
('400010862', '4.2MM OMNICUT BLADE (283345)', 'หมวดที่ 2 ค่าอวัยวะเทียมและอุปกรณ์ในการบำบัดรักษาโรค', 5618, 4500, 0),
('400010863', '4.0MM FULL RADIUS BLADE PLUS (283409)', 'หมวดที่ 2 ค่าอวัยวะเทียมและอุปกรณ์ในการบำบัดรักษาโรค', 5618, 4500, 0),
('400010865', '4.0MM ULTRA-AGGRESS BLADE PLUS (283429)', 'หมวดที่ 2 ค่าอวัยวะเทียมและอุปกรณ์ในการบำบัดรักษาโรค', 5618, 4500, 0),
('400010866', '4.0MM BARREL BURR PLUS (283469)', 'หมวดที่ 2 ค่าอวัยวะเทียมและอุปกรณ์ในการบำบัดรักษาโรค', 5618, 4500, 0),
('400010867', '3.5MM FULL RADIUS PLUS (283309)', 'หมวดที่ 2 ค่าอวัยวะเทียมและอุปกรณ์ในการบำบัดรักษาโรค', 5618, 4500, 0),
('400010868', '3.5MM AGGRESSIVE PLUS (283319)', 'หมวดที่ 2 ค่าอวัยวะเทียมและอุปกรณ์ในการบำบัดรักษาโรค', 5618, 4500, 0),
('400010891', 'MILAGRO SCREW 9X30MM (231825)', 'หมวดที่ 2 ค่าอวัยวะเทียมและอุปกรณ์ในการบำบัดรักษาโรค', 7500, 5700, 0),
('400010894', 'MILAGRO SCREW 10X30MM (231840)', 'หมวดที่ 2 ค่าอวัยวะเทียมและอุปกรณ์ในการบำบัดรักษาโรค', 7500, 5700, 0),
('400010896', 'MILAGRO SCREW 11X30MM (231824)', 'หมวดที่ 2 ค่าอวัยวะเทียมและอุปกรณ์ในการบำบัดรักษาโรค', 7500, 5700, 0),
('400010899', '15MM RIGIDLOOP FIXATION (232009)', 'หมวดที่ 2 ค่าอวัยวะเทียมและอุปกรณ์ในการบำบัดรักษาโรค', 8025, 5000, 0),
('400010905', '45MM RIGIDLOOP FIXATION (232019)', 'หมวดที่ 2 ค่าอวัยวะเทียมและอุปกรณ์ในการบำบัดรักษาโรค', 8025, 5000, 0),
('400010906', '50MM RIGIDLOOP FIXATION (232021)', 'หมวดที่ 2 ค่าอวัยวะเทียมและอุปกรณ์ในการบำบัดรักษาโรค', 8025, 5000, 0),
('400010910', 'RIGIDLOOP ADJ ACL (232447)', 'หมวดที่ 2 ค่าอวัยวะเทียมและอุปกรณ์ในการบำบัดรักษาโรค', 8025, 5000, 0),
('400010921', 'Vessel Loops Maxi', 'หมวดที่ 5 ค่าเวชภัณฑ์มิใช่ยา เวชภัณฑ์ 1', 276, 0, 0),
('400010922', 'Vessel Loops Mini', 'หมวดที่ 5 ค่าเวชภัณฑ์มิใช่ยา เวชภัณฑ์ 1', 276, 0, 0),
('400011547', 'MONOSYN U5/0 45CM DSMP13', 'หมวดที่ 5 ค่าเวชภัณฑ์มิใช่ยา เวชภัณฑ์ 1', 155, 0, 0),
('400011548', 'MONOSYN V 5/0 45CM DSMP16', 'หมวดที่ 5 ค่าเวชภัณฑ์มิใช่ยา เวชภัณฑ์ 1', 174, 0, 0),
('400011549', 'MONOSYN U6/0 45CM DSMP11', 'หมวดที่ 5 ค่าเวชภัณฑ์มิใช่ยา เวชภัณฑ์ 1', 165, 0, 0),
('400011606', 'Trocar 5mm (TP05-75)', 'หมวดที่ 5 ค่าเวชภัณฑ์มิใช่ยา เวชภัณฑ์ 1', 1591, 0, 0),
('400011607', 'Trocar 10mm (TP10-75)', 'หมวดที่ 5 ค่าเวชภัณฑ์มิใช่ยา เวชภัณฑ์ 1', 1944, 0, 0),
('400011626', 'NOVOSYN U4/0 19mm (DSMP19)', 'หมวดที่ 5 ค่าเวชภัณฑ์มิใช่ยา เวชภัณฑ์ 1', 165, 0, 0),
('400011627', 'NOVOSYN V2/0 24mm (DS24)', 'หมวดที่ 5 ค่าเวชภัณฑ์มิใช่ยา เวชภัณฑ์ 1', 108, 0, 0),
('400011630', 'SAW BLADE 116/95X19X1.19(05.002.002S)', 'หมวดที่ 2 ค่าอวัยวะเทียมและอุปกรณ์ในการบำบัดรักษาโรค', 0, 0, 0),
('400011634', 'SIGMA PLI GVF INS SZ 2.5 10MM(158102010)', 'หมวดที่ 2 ค่าอวัยวะเทียมและอุปกรณ์ในการบำบัดรักษาโรค', 5000, 0, 0),
('400011677', 'LPS-FLEX FEM SZ E Lt.(59641551)', 'หมวดที่ 2 ค่าอวัยวะเทียมและอุปกรณ์ในการบำบัดรักษาโรค', 27750, 0, 0),
('400011678', 'NGK STEM Tibia SZ 3(59803701)', 'หมวดที่ 2 ค่าอวัยวะเทียมและอุปกรณ์ในการบำบัดรักษาโรค', 18750, 0, 0),
('400011679', 'NGK Patella Size 29 8.0mm.(59726529)', 'หมวดที่ 2 ค่าอวัยวะเทียมและอุปกรณ์ในการบำบัดรักษาโรค', 3750, 0, 0),
('400011680', 'NGK Articular SZ EF/10mm(59643210)', 'หมวดที่ 2 ค่าอวัยวะเทียมและอุปกรณ์ในการบำบัดรักษาโรค', 6250, 0, 0),
('400011682', 'REFOBACIN BONE CEMENT R 1x40(30039400013)', 'หมวดที่ 2 ค่าอวัยวะเทียมและอุปกรณ์ในการบำบัดรักษาโรค', 4548, 4300, 0),
('400011684', 'NGK STEM Tibia SZ 2(59802702)', 'หมวดที่ 2 ค่าอวัยวะเทียมและอุปกรณ์ในการบำบัดรักษาโรค', 18750, 0, 0),
('400011685', 'NGK Patella Size 26 7.5mm.(59726526)', 'หมวดที่ 2 ค่าอวัยวะเทียมและอุปกรณ์ในการบำบัดรักษาโรค', 3750, 0, 0),
('400011686', 'NGK Articular SZ CD/10mm(59642210)', 'หมวดที่ 2 ค่าอวัยวะเทียมและอุปกรณ์ในการบำบัดรักษาโรค', 6250, 0, 0),
('400011691', 'Bipolar Liner ID 42/43x22 mm.(50014222)', 'หมวดที่ 2 ค่าอวัยวะเทียมและอุปกรณ์ในการบำบัดรักษาโรค', 3500, 0, 0),
('400011692', 'Bipolar Shell OD 43 mm.(500143)', 'หมวดที่ 2 ค่าอวัยวะเทียมและอุปกรณ์ในการบำบัดรักษาโรค', 5875, 0, 0),
('400011693', 'AVENIR MULLER STEM 1 STD(0106010001)', 'หมวดที่ 2 ค่าอวัยวะเทียมและอุปกรณ์ในการบำบัดรักษาโรค', 24388, 0, 0),
('400011703', 'NGK STEM Tibia SZ 5(59804701)', 'หมวดที่ 2 ค่าอวัยวะเทียมและอุปกรณ์ในการบำบัดรักษาโรค', 18750, 0, 0),
('400011704', 'NGK Articular SZ EF/10mm(59644010)', 'หมวดที่ 2 ค่าอวัยวะเทียมและอุปกรณ์ในการบำบัดรักษาโรค', 6250, 0, 0),
('400011705', 'NGK Patella Size 32 8.5mm.(59726532)', 'หมวดที่ 2 ค่าอวัยวะเทียมและอุปกรณ์ในการบำบัดรักษาโรค', 3750, 0, 0),
('400011708', 'LPS-FLEX FEM SZ D Lt.(59641451)', 'หมวดที่ 2 ค่าอวัยวะเทียมและอุปกรณ์ในการบำบัดรักษาโรค', 27750, 0, 0),
('400011722', 'ZB Femoral Head 12/14 28.0MM.(802202801)', 'หมวดที่ 2 ค่าอวัยวะเทียมและอุปกรณ์ในการบำบัดรักษาโรค', 9363, 0, 0),
('400011724', 'OSCILLATING BLADE 27mm,19x90x1(23092527)', 'หมวดที่ 2 ค่าอวัยวะเทียมและอุปกรณ์ในการบำบัดรักษาโรค', 750, 0, 0),
('400011726', 'NGK STEM Tibia SZ 1(59802701)', 'หมวดที่ 2 ค่าอวัยวะเทียมและอุปกรณ์ในการบำบัดรักษาโรค', 18750, 0, 0),
('400011741', 'TRILOGY BONE SCREW 6.5x30mm(62506530)', 'หมวดที่ 2 ค่าอวัยวะเทียมและอุปกรณ์ในการบำบัดรักษาโรค', 1000, 0, 0),
('400011747', 'LPS-FLEX GSF FEM SZ C Lt.(00576401351)', 'หมวดที่ 2 ค่าอวัยวะเทียมและอุปกรณ์ในการบำบัดรักษาโรค', 27750, 0, 0),
('400011751', 'G7 Acetabular Shell H3,52mm E(010000663)', 'หมวดที่ 2 ค่าอวัยวะเทียมและอุปกรณ์ในการบำบัดรักษาโรค', 29263, 0, 0),
('400011752', 'G7 Acetabular Liner E1,36mm E(010000935)', 'หมวดที่ 2 ค่าอวัยวะเทียมและอุปกรณ์ในการบำบัดรักษาโรค', 9363, 0, 0),
('400011753', 'ZB Femoral Head 12/14 36.0MM.(802203602)', 'หมวดที่ 2 ค่าอวัยวะเทียมและอุปกรณ์ในการบำบัดรักษาโรค', 9363, 0, 0),
('400011780', 'Mini screw 2.0x13.0 MM.', 'หมวดที่ 2 ค่าอวัยวะเทียมและอุปกรณ์ในการบำบัดรักษาโรค', 1000, 800, 0),
('400011781', 'Mini plate 2.0 L plate Lt', 'หมวดที่ 2 ค่าอวัยวะเทียมและอุปกรณ์ในการบำบัดรักษาโรค', 5625, 4500, 0),
('400011782', 'Mini plate 2.0 L plate Rt', 'หมวดที่ 2 ค่าอวัยวะเทียมและอุปกรณ์ในการบำบัดรักษาโรค', 5625, 4500, 0),
('400011783', 'Mini plate 2.0 L plate Lt 9 MM.', 'หมวดที่ 2 ค่าอวัยวะเทียมและอุปกรณ์ในการบำบัดรักษาโรค', 5625, 4500, 0),
('400011820', 'Permanant catheter 14.5 Fr. 24 cm.', 'หมวดที่ 2 ค่าอวัยวะเทียมและอุปกรณ์ในการบำบัดรักษาโรค', 0, 0, 0),
('400011926', 'Eye-O-Care SF65 PMMA IOL 12.0D', 'หมวดที่ 2 ค่าอวัยวะเทียมและอุปกรณ์ในการบำบัดรักษาโรค', 813, 700, 0),
('400011934', 'Eye-O-Care SF65 PMMA IOL 16.0D', 'หมวดที่ 2 ค่าอวัยวะเทียมและอุปกรณ์ในการบำบัดรักษาโรค', 813, 700, 0),
('400011937', 'Eye-O-Care SF65 PMMA IOL 17.5D', 'หมวดที่ 2 ค่าอวัยวะเทียมและอุปกรณ์ในการบำบัดรักษาโรค', 813, 700, 0),
('400011945', 'Eye-O-Care SF65 PMMA IOL 21.5D', 'หมวดที่ 2 ค่าอวัยวะเทียมและอุปกรณ์ในการบำบัดรักษาโรค', 813, 700, 0),
('400011967', 'CROSS LINK', 'หมวดที่ 2 ค่าอวัยวะเทียมและอุปกรณ์ในการบำบัดรักษาโรค', 8125, 0, 0),
('400012070', 'SIGMA PLI GVF INS SZ 3 10MM(158103010)', 'หมวดที่ 2 ค่าอวัยวะเทียมและอุปกรณ์ในการบำบัดรักษาโรค', 5000, 0, 0),
('400012071', 'Anterior Cevical (ระดับแรก)', 'หมวดที่ 2 ค่าอวัยวะเทียมและอุปกรณ์ในการบำบัดรักษาโรค', 24375, 24000, 0),
('400012072', 'Anterior Cevical (ระดับถัดไป)', 'หมวดที่ 2 ค่าอวัยวะเทียมและอุปกรณ์ในการบำบัดรักษาโรค', 12188, 0, 0),
('400012077', 'LPS-FLEX FEM SZ D Rt.(59641452)', 'หมวดที่ 2 ค่าอวัยวะเทียมและอุปกรณ์ในการบำบัดรักษาโรค', 27750, 0, 0),
('400012166', 'Legacy Multi-Axial Screw  5.5x50mm(75445550)', 'หมวดที่ 2 ค่าอวัยวะเทียมและอุปกรณ์ในการบำบัดรักษาโรค', 4375, 0, 0),
('400012170', 'Legacy Multi-Axial Screw 6.5x45mm(75446545)', 'หมวดที่ 2 ค่าอวัยวะเทียมและอุปกรณ์ในการบำบัดรักษาโรค', 4375, 0, 0),
('400012171', 'Legacy Multi-Axial Screw 6.5x50mm(75446550)', 'หมวดที่ 2 ค่าอวัยวะเทียมและอุปกรณ์ในการบำบัดรักษาโรค', 4375, 0, 0),
('400012172', 'Legacy Multi-Axial Screw 6.5x55mm(75446555)', 'หมวดที่ 2 ค่าอวัยวะเทียมและอุปกรณ์ในการบำบัดรักษาโรค', 4375, 0, 0),
('400012175', 'Legacy Multi-Axial Screw 7.5x40mm(75447540)', 'หมวดที่ 2 ค่าอวัยวะเทียมและอุปกรณ์ในการบำบัดรักษาโรค', 4375, 0, 0),
('400012176', 'Legacy Multi-Axial Screw 7.5x45mm(75447545)', 'หมวดที่ 2 ค่าอวัยวะเทียมและอุปกรณ์ในการบำบัดรักษาโรค', 4375, 0, 0),
('400012177', 'Legacy Multi-Axial Screw 7.5x50mm(75447550)', 'หมวดที่ 2 ค่าอวัยวะเทียมและอุปกรณ์ในการบำบัดรักษาโรค', 4375, 0, 0),
('400012178', 'Legacy Multi-Axial Screw 7.5x55mm(75447555)', 'หมวดที่ 2 ค่าอวัยวะเทียมและอุปกรณ์ในการบำบัดรักษาโรค', 4375, 0, 0),
('400012357', 'PFNA 9.0mm,long,340mm Rt.(472.412S)', 'หมวดที่ 2 ค่าอวัยวะเทียมและอุปกรณ์ในการบำบัดรักษาโรค', 22500, 0, 0),
('400012359', 'Foley Catheter 2 way No.18', 'หมวดที่ 5 ค่าเวชภัณฑ์มิใช่ยา เวชภัณฑ์ 1', 37, 0, 0),
('400012360', 'Foley Catheter 2 way No.20', 'หมวดที่ 5 ค่าเวชภัณฑ์มิใช่ยา เวชภัณฑ์ 1', 74, 0, 0),
('400012361', 'Foley Catheter 2 way No.22', 'หมวดที่ 5 ค่าเวชภัณฑ์มิใช่ยา เวชภัณฑ์ 1', 74, 0, 0),
('400012372', 'HYBRIGLIDE GUIDE WIRE(U01B133515)', 'หมวดที่ 2 ค่าอวัยวะเทียมและอุปกรณ์ในการบำบัดรักษาโรค', 2100, 0, 0),
('400012376', 'URETERAL STENTS DOUBLE-J NO.6(SOT-626)', 'หมวดที่ 2 ค่าอวัยวะเทียมและอุปกรณ์ในการบำบัดรักษาโรค', 2813, 0, 0),
('400012378', 'INTEGRAL STENT CH 6(334722-6)', 'หมวดที่ 2 ค่าอวัยวะเทียมและอุปกรณ์ในการบำบัดรักษาโรค', 2536, 0, 0),
('400012379', 'BALLOON CATHETER NO.12(340408-12)', 'หมวดที่ 2 ค่าอวัยวะเทียมและอุปกรณ์ในการบำบัดรักษาโรค', 2481, 0, 0),
('400012386', 'Open end flexi Tip (Ureteral catheter)(021305)', 'หมวดที่ 2 ค่าอวัยวะเทียมและอุปกรณ์ในการบำบัดรักษาโรค', 3700, 0, 0),
('400012508', 'Capstone PEEK 8x26mm', 'หมวดที่ 2 ค่าอวัยวะเทียมและอุปกรณ์ในการบำบัดรักษาโรค', 16250, 0, 0),
('400012511', 'Capstone PEEK 10x26mm', 'หมวดที่ 2 ค่าอวัยวะเทียมและอุปกรณ์ในการบำบัดรักษาโรค', 16250, 0, 0),
('400012514', 'Capstone PEEK 12x26mm', 'หมวดที่ 2 ค่าอวัยวะเทียมและอุปกรณ์ในการบำบัดรักษาโรค', 16250, 0, 0),
('400012517', 'Capstone PEEK 14x26mm', 'หมวดที่ 2 ค่าอวัยวะเทียมและอุปกรณ์ในการบำบัดรักษาโรค', 16250, 0, 0),
('400012519', 'Sextant Set Screw(ระดับแรก)(7570955)', 'หมวดที่ 2 ค่าอวัยวะเทียมและอุปกรณ์ในการบำบัดรักษาโรค', 3125, 0, 0),
('400013314', 'Sextant Prebent Rod35mm(ระดับแรก)', 'หมวดที่ 2 ค่าอวัยวะเทียมและอุปกรณ์ในการบำบัดรักษาโรค', 3125, 0, 0),
('400013315', 'Sextant Prebent Rod40mm(ระดับแรก)', 'หมวดที่ 2 ค่าอวัยวะเทียมและอุปกรณ์ในการบำบัดรักษาโรค', 3125, 0, 0),
('400013316', 'Sextant Prebent Rod45mm(ระดับแรก)', 'หมวดที่ 2 ค่าอวัยวะเทียมและอุปกรณ์ในการบำบัดรักษาโรค', 3125, 0, 0),
('400013319', 'Sextant Prebent Rod 60mm(ระดับแรก)', 'หมวดที่ 2 ค่าอวัยวะเทียมและอุปกรณ์ในการบำบัดรักษาโรค', 3125, 0, 0),
('400013331', 'Sextant Prebent Rod 65mm(ระดับถัดไป)', 'หมวดที่ 2 ค่าอวัยวะเทียมและอุปกรณ์ในการบำบัดรักษาโรค', 3125, 0, 0),
('400013368', 'Kyphon HV-R Bone Cement 20g(C01A)', 'หมวดที่ 2 ค่าอวัยวะเทียมและอุปกรณ์ในการบำบัดรักษาโรค', 6250, 2000, 0),
('400013981', 'Extension Tube No.36 (สายให้น้ำเกลือ)', 'หมวดที่ 5 ค่าเวชภัณฑ์มิใช่ยา เวชภัณฑ์ 1', 6, 0, 0),
('400014006', 'MONOP.SCISSORS 5mm/33cm METZENBAUM', 'หมวดที่ 2 ค่าอวัยวะเทียมและอุปกรณ์ในการบำบัดรักษาโรค', 4490, 0, 0),
('400014007', 'STRAIGHTGRASP. FORCEPS 5mm/33cm W RATCHE', 'หมวดที่ 5 ค่าเวชภัณฑ์มิใช่ยา เวชภัณฑ์ 1', 3592, 0, 0),
('400014008', 'MARYLAND DISSECT. FORCEPS 5mm/33cm', 'หมวดที่ 2 ค่าอวัยวะเทียมและอุปกรณ์ในการบำบัดรักษาโรค', 4490, 0, 0),
('400014009', 'CLINCH GRASP. FORCEPS 5mm/33cm W RATCHET', 'หมวดที่ 5 ค่าเวชภัณฑ์มิใช่ยา เวชภัณฑ์ 1', 3592, 0, 0),
('400014015', 'ด้ามจี้ (High Temp Fine Tip)', 'หมวดที่ 5 ค่าเวชภัณฑ์มิใช่ยา เวชภัณฑ์ 1', 696, 0, 0),
('400014022', 'LNK Cervical Peek with HA Bone(8x12x14)', 'หมวดที่ 2 ค่าอวัยวะเทียมและอุปกรณ์ในการบำบัดรักษาโรค', 22500, 0, 0),
('400014047', 'Film dressing IV 6x7 CM (1624W)', 'หมวดที่ 5 ค่าเวชภัณฑ์มิใช่ยา เวชภัณฑ์ 1', 12, 0, 0),
('400014064', 'SELF CENT HIP 45x28 GRY(103545000)', 'หมวดที่ 2 ค่าอวัยวะเทียมและอุปกรณ์ในการบำบัดรักษาโรค', 16250, 0, 0),
('400014067', 'ARTICULEZE BALL 28MM+5(136512000)', 'หมวดที่ 2 ค่าอวัยวะเทียมและอุปกรณ์ในการบำบัดรักษาโรค', 8750, 0, 0),
('400014075', 'Surefuse Putty 1.0 cc. M220090059', 'หมวดที่ 2 ค่าอวัยวะเทียมและอุปกรณ์ในการบำบัดรักษาโรค', 8125, 0, 0),
('400014573', 'อุปกรณ์บีบไล่น้ำเข้าท่อไต', 'หมวดที่ 5 ค่าเวชภัณฑ์มิใช่ยา เวชภัณฑ์ 1', 4241, 0, 0),
('400014575', 'OPTILUBEACTIVE 11ML', 'หมวดที่ 5 ค่าเวชภัณฑ์มิใช่ยา เวชภัณฑ์ 1', 134, 0, 0),
('400014579', 'Gastrostomy Feeding Tube20Fr. 3.5cm', 'หมวดที่ 5 ค่าเวชภัณฑ์มิใช่ยา เวชภัณฑ์ 1', 8300, 0, 0),
('400014583', 'กาวติดแผลผ่าตัด(Tissue Aids 0.8g)', 'หมวดที่ 5 ค่าเวชภัณฑ์มิใช่ยา เวชภัณฑ์ 1', 931, 0, 0),
('400014587', 'Sterile Sphincterotome', 'หมวดที่ 2 ค่าอวัยวะเทียมและอุปกรณ์ในการบำบัดรักษาโรค', 6875, 0, 0),
('400014610', 'Taper EXT SZ 7.5 M/L(00771100740)', 'หมวดที่ 2 ค่าอวัยวะเทียมและอุปกรณ์ในการบำบัดรักษาโรค', 24388, 0, 0),
('400014617', 'SILK 3/0 20mm 75cm (W598H)', 'หมวดที่ 5 ค่าเวชภัณฑ์มิใช่ยา เวชภัณฑ์ 1', 114, 0, 0),
('400014618', 'SIGMA PLI GVF INS SZ 2 8MM(158101008)', 'หมวดที่ 2 ค่าอวัยวะเทียมและอุปกรณ์ในการบำบัดรักษาโรค', 5000, 0, 0),
('400014630', 'Biliary Drainage Catheter Str. 10Fr.7cm', 'หมวดที่ 2 ค่าอวัยวะเทียมและอุปกรณ์ในการบำบัดรักษาโรค', 1625, 1300, 0),
('400014631', 'Biliary Drainage Catheter Str. 10Fr.10cm', 'หมวดที่ 2 ค่าอวัยวะเทียมและอุปกรณ์ในการบำบัดรักษาโรค', 1625, 1300, 0),
('400014704', 'ENDOCLIP M/L 10 MM. (176657)', 'หมวดที่ 2 ค่าอวัยวะเทียมและอุปกรณ์ในการบำบัดรักษาโรค', 13750, 0, 0),
('400014716', 'NG Tube No.12', 'หมวดที่ 5 ค่าเวชภัณฑ์ที่มิใช่ยา เวชภัณฑ์ 3', 13, 0, 0),
('400014878', 'KY-jelly 150 G', 'หมวดที่ 5 ค่าเวชภัณฑ์ที่มิใช่ยา เวชภัณฑ์ 2', 0, 0, 0),
('400014879', 'Ligasure Dissector 21 cm (LF 2019)', 'หมวดที่ 2 ค่าอวัยวะเทียมและอุปกรณ์ในการบำบัดรักษาโรค', 30763, 0, 0),
('400014886', 'PDS II ENDOLOOP 0 45 CM', 'หมวดที่ 2 ค่าอวัยวะเทียมและอุปกรณ์ในการบำบัดรักษาโรค', 2415, 0, 0),
('400014888', 'Automatic Core Biopsy Instrument 18G20CM', 'หมวดที่ 2 ค่าอวัยวะเทียมและอุปกรณ์ในการบำบัดรักษาโรค', 2542, 0, 0),
('400014902', 'SIGMA PLI GVF INS SZ 1.5 8MM(158100008)', 'หมวดที่ 2 ค่าอวัยวะเทียมและอุปกรณ์ในการบำบัดรักษาโรค', 4000, 0, 0),
('400014925', 'SIGMA CR 150 CEM SZ 2.5 Lt.(196020250)', 'หมวดที่ 2 ค่าอวัยวะเทียมและอุปกรณ์ในการบำบัดรักษาโรค', 32100, 0, 0),
('400014934', 'SIGMA CR 150 CEM SZ 2.5 Rt.(196030250)', 'หมวดที่ 2 ค่าอวัยวะเทียมและอุปกรณ์ในการบำบัดรักษาโรค', 32100, 0, 0),
('400014942', 'Prolene no.7/0 60cm(EP8704SLH)', 'หมวดที่ 5 ค่าเวชภัณฑ์มิใช่ยา เวชภัณฑ์ 1', 921, 0, 0),
('400014943', 'Titanium Clip Cartridge 16 Clips ML 5mm', 'หมวดที่ 2 ค่าอวัยวะเทียมและอุปกรณ์ในการบำบัดรักษาโรค', 11000, 0, 0),
('400014948', 'Automatic Core biopsy 18g x 20cm', 'หมวดที่ 2 ค่าอวัยวะเทียมและอุปกรณ์ในการบำบัดรักษาโรค', 0, 0, 0),
('400014953', 'Ball Syring sterile', 'หมวดที่ 5 ค่าเวชภัณฑ์มิใช่ยา เวชภัณฑ์ 1', 67, 0, 0),
('400014966', 'Jackson drain 19 fr (Round drain)', 'หมวดที่ 5 ค่าเวชภัณฑ์ที่มิใช่ยา เวชภัณฑ์ 3', 391, 0, 0),
('400015001', 'Balloon Dilation Cath 10mm x L 15 cm', 'หมวดที่ 2 ค่าอวัยวะเทียมและอุปกรณ์ในการบำบัดรักษาโรค', 7200, 0, 0),
('400015010', 'PFC SIGMA MOD TIB TRAY CEM SZ1.5(866027)', 'หมวดที่ 2 ค่าอวัยวะเทียมและอุปกรณ์ในการบำบัดรักษาโรค', 11500, 0, 0),
('400015014', 'Sterile Glove Under Surgical No.6.5', 'หมวดที่ 5 ค่าเวชภัณฑ์มิใช่ยา เวชภัณฑ์ 1', 44, 0, 0),
('400015020', 'Hemostasis Clipping 16mm 2,350mm', 'หมวดที่ 5 ค่าเวชภัณฑ์มิใช่ยา เวชภัณฑ์ 1', 730, 0, 0),
('400015026', 'Circular Stapler 29mm (CDH29B)', 'หมวดที่ 2 ค่าอวัยวะเทียมและอุปกรณ์ในการบำบัดรักษาโรค', 13500, 0, 0),
('400015029', 'Roadrunner PC wire guide STD 0.035x145cm', 'หมวดที่ 2 ค่าอวัยวะเทียมและอุปกรณ์ในการบำบัดรักษาโรค', 2200, 0, 0),
('400015030', 'Disp Two-part Trocar Echotip 15Gx20cm', 'หมวดที่ 2 ค่าอวัยวะเทียมและอุปกรณ์ในการบำบัดรักษาโรค', 700, 0, 0),
('400015087', 'SIGMA CR 150 CEM SZ 3 Lt.(196020300)', 'หมวดที่ 2 ค่าอวัยวะเทียมและอุปกรณ์ในการบำบัดรักษาโรค', 40125, 0, 0),
('400015091', '9.0 PFNA Rt L320mm(04.027.182S)', 'หมวดที่ 2 ค่าอวัยวะเทียมและอุปกรณ์ในการบำบัดรักษาโรค', 22500, 0, 0),
('400015348', 'Expert Tibial Nail,9.0/L285mm', 'หมวดที่ 2 ค่าอวัยวะเทียมและอุปกรณ์ในการบำบัดรักษาโรค', 25000, 0, 0),
('400015364', 'Locking Screw Star4.0/L28mm,Medullary Na', 'หมวดที่ 2 ค่าอวัยวะเทียมและอุปกรณ์ในการบำบัดรักษาโรค', 2500, 0, 0),
('400015365', 'Locking Screw Star4.0/L30mm,Medullary Na', 'หมวดที่ 2 ค่าอวัยวะเทียมและอุปกรณ์ในการบำบัดรักษาโรค', 2500, 0, 0),
('400015366', 'Locking Screw Star4.0/L32mm,Medullary Na', 'หมวดที่ 2 ค่าอวัยวะเทียมและอุปกรณ์ในการบำบัดรักษาโรค', 2500, 0, 0),
('400015368', 'Locking Screw Star4.0/L36mm,Medullary Na', 'หมวดที่ 2 ค่าอวัยวะเทียมและอุปกรณ์ในการบำบัดรักษาโรค', 2500, 0, 0),
('400015415', 'VA-LCP OlecranonPlate2.7/3.5,Lt,2h,90mm', 'หมวดที่ 2 ค่าอวัยวะเทียมและอุปกรณ์ในการบำบัดรักษาโรค', 21250, 0, 0),
('400015419', 'VA Locking Screw Stardrive2.7,S-T,14mm', 'หมวดที่ 2 ค่าอวัยวะเทียมและอุปกรณ์ในการบำบัดรักษาโรค', 2000, 0, 0),
('400015421', 'VA Locking Screw Stardrive2.7,S-T,18mm', 'หมวดที่ 2 ค่าอวัยวะเทียมและอุปกรณ์ในการบำบัดรักษาโรค', 2000, 0, 0),
('400015428', 'VA Locking Screw Stardrive2.7,S-T,32mm', 'หมวดที่ 2 ค่าอวัยวะเทียมและอุปกรณ์ในการบำบัดรักษาโรค', 2000, 0, 0),
('400015430', 'VA Locking Screw Stardrive2.7,S-T,36mm', 'หมวดที่ 2 ค่าอวัยวะเทียมและอุปกรณ์ในการบำบัดรักษาโรค', 2000, 0, 0),
('400015433', 'VA Locking Screw Stardrive2.7,S-T,42mm', 'หมวดที่ 2 ค่าอวัยวะเทียมและอุปกรณ์ในการบำบัดรักษาโรค', 2000, 0, 0),
('400015434', 'VA Locking Screw Stardrive2.7,S-T,44mm', 'หมวดที่ 2 ค่าอวัยวะเทียมและอุปกรณ์ในการบำบัดรักษาโรค', 2000, 0, 0),
('51410', 'E.C.G. (Electrocardiography)', 'หมวดที่ 9 ค่าตรวจวินิจฉัยโดยวิธีพิเศษอื่นๆ', 200, 0, 0),
('55512', 'การล้างกระเพาะอาหาร', 'หมวดที่ 12 ค่าบริการทางการพยาบาล', 220, 0, 0),
('55610', 'การสวนปัสสาวะทิ้ง', 'หมวดที่ 12 ค่าบริการทางการพยาบาล', 90, 0, 0),
('55611', 'การสวนปัสสาวะคาสาย', 'หมวดที่ 12 ค่าบริการทางการพยาบาล', 90, 0, 0),
('71250', 'Nasal endoscope', 'หมวดที่ 11 ค่าทำหัตถการและวิสัญญี', 800, 0, 0),
('71420', 'การใส่ Double lumen catheter', '', 450, 450, 450),
('71421', 'การใส่ Permanent catheter', 'หมวดที่ 11 ค่าทำหัตถการและวิสัญญี', 1000, 0, 0),
('71730', 'Short arm AP slab (เฝือกปูน-71730)', 'หมวดที่ 11 ค่าทำหัตถการและวิสัญญี', 250, 0, 0),
('71734', 'Long arm AP slab (เฝือกปูน-71734)', 'หมวดที่ 11 ค่าทำหัตถการและวิสัญญี', 380, 0, 0),
('71738', 'Short leg AP slab (เฝือกปูน-71738)', 'หมวดที่ 11 ค่าทำหัตถการและวิสัญญี', 500, 0, 0),
('71739', 'Short leg post. slab (เฝือกปูน-71739)', 'หมวดที่ 11 ค่าทำหัตถการและวิสัญญี', 400, 0, 0),
('71755', 'Short leg walking cast (เฝือกปูน-71755)', 'หมวดที่ 11 ค่าทำหัตถการและวิสัญญี', 500, 0, 0),
('71761', 'Single hip spica (เฝือกปูน-71761)', 'หมวดที่ 11 ค่าทำหัตถการและวิสัญญี', 1500, 0, 0),
('71771', 'Short arm post. slab (เฝือกปูนกึ่งสำเร็จรูป-71771)', 'หมวดที่ 11 ค่าทำหัตถการและวิสัญญี', 750, 0, 0),
('71772', 'Long arm post. slab (เฝือกปูนกึ่งสำเร็จรูป-71772)', 'หมวดที่ 11 ค่าทำหัตถการและวิสัญญี', 500, 0, 0),
('71781', 'Long arm cast (เฝือกพลาสติก-71781)', 'หมวดที่ 11 ค่าทำหัตถการและวิสัญญี', 1350, 0, 0),
('71782', 'Short leg cast (เฝือกพลาสติก-71782)', 'หมวดที่ 11 ค่าทำหัตถการและวิสัญญี', 1750, 0, 0),
('71820', 'การฉีดยาเข้าผิวหนังเพื่อการรักษาโรค (Intralesional injection)', 'หมวดที่ 11 ค่าทำหัตถการและวิสัญญี', 60, 0, 0),
('72940', 'Fluoroscope', 'หมวดที่ 11 ค่าทำหัตถการและวิสัญญี', 1700, 0, 0),
('72999_11', 'การฉีดยาเข้าโพรงกระดูกสันหลัง', 'หมวดที่ 11 ค่าทำหัตถการและวิสัญญี', 2000, 0, 0),
('72999-4', 'EGD with Biopsy', 'หมวดที่ 11 ค่าทำหัตถการและวิสัญญี', 2600, 0, 0),
('72999-6', 'ค่าใช้จี้ใต้น้ำ Arthroscope (New)', 'หมวดที่ 11 ค่าทำหัตถการและวิสัญญี', 14400, 0, 0),
('72999-7', 'ค่าใช้จี้ใต้น้ำ Arthroscope (Reuse)', 'หมวดที่ 11 ค่าทำหัตถการและวิสัญญี', 5000, 0, 0),
('9104', 'อุปกรณ์เครื่องจี้ปิดและตัดเส้นเลือด (Energy-based vascular sealing and cutting instrument)', 'หมวดที่ 2 ค่าอวัยวะเทียมและอุปกรณ์ในการบำบัดรักษาโรค', 5000, 0, 0),
('DF-SMC682', 'DF Phacoemulsification and aspiration of cataract (13.41)', 'หมวดที่ 17 ค่าธรรมเนียมแพทย์และบุคลากรวิชาชีพ', 8000, 0, 0),
('DF-SMC6908', 'DF ค่าธรรมเนียมพยาบาลช่วยผ่าตัด (เกิน 2 ชม.)', 'หมวดที่ 17 ค่าธรรมเนียมแพทย์และบุคลากรวิชาชีพ', 950, 0, 0),
('DF-SMC703', 'DF Insertion of pseudophakos at the time of cataract extraction, (13.71)', 'หมวดที่ 17 ค่าธรรมเนียมแพทย์และบุคลากรวิชาชีพ', 1000, 0, 0),
('DF0001', 'ค่าบริการทางการแพทย์ (ร่วมจ่าย UC)', 'หมวดที่ 16 ค่าบริการอื่นๆ ที่ไม่เกี่ยวกับการรักษาโดยตรง', 30, 0, 0),
('ITEM0238', 'computer assisted surgery', 'หมวดที่ 11 ค่าทำหัตถการและวิสัญญี', 20000, 0, 0),
('ITEM0252', 'Extracorporeal Shock Wave Lithotripsy (ESWL)', 'หมวดที่ 11 ค่าทำหัตถการและวิสัญญี', 17000, 0, 0),
('ITEM0252-1', 'Extracorporeal Shock Wave Lithotripsy (ESWL) (ครั้งถัดไป)', 'หมวดที่ 11 ค่าทำหัตถการและวิสัญญี', 7000, 0, 0),
('LAB0004', 'ESR', 'หมวดที่ 7 ค่าตรวจวินิจฉัยทางเทคนิคการแพทย์และพยาธิวิทยา', 50, 0, 0),
('LAB0016-2', 'PR', 'หมวดที่ 7 ค่าตรวจวินิจฉัยทางเทคนิคการแพทย์และพยาธิวิทยา', 570, 0, 0),
('LAB0025', 'CBC', 'หมวดที่ 7 ค่าตรวจวินิจฉัยทางเทคนิคการแพทย์และพยาธิวิทยา', 90, 0, 0),
('LAB0030', 'Wright stain', 'หมวดที่ 7 ค่าตรวจวินิจฉัยทางเทคนิคการแพทย์และพยาธิวิทยา', 110, 0, 0),
('LAB0058', 'PTT', 'หมวดที่ 7 ค่าตรวจวินิจฉัยทางเทคนิคการแพทย์และพยาธิวิทยา', 85, 0, 0),
('LAB0062', 'PT (INR)', 'หมวดที่ 7 ค่าตรวจวินิจฉัยทางเทคนิคการแพทย์และพยาธิวิทยา', 75, 0, 0),
('LAB00744', 'CD34 (patho)', 'หมวดที่ 7 ค่าตรวจวินิจฉัยทางเทคนิคการแพทย์และพยาธิวิทยา', 390, 0, 0),
('LAB00759', 'CDX-2 (patho)', 'หมวดที่ 7 ค่าตรวจวินิจฉัยทางเทคนิคการแพทย์และพยาธิวิทยา', 320, 0, 0),
('LAB00764', 'CK-7 (patho)', 'หมวดที่ 7 ค่าตรวจวินิจฉัยทางเทคนิคการแพทย์และพยาธิวิทยา', 350, 0, 0),
('LAB00767', 'CK-20 (patho)', 'หมวดที่ 7 ค่าตรวจวินิจฉัยทางเทคนิคการแพทย์และพยาธิวิทยา', 340, 0, 0),
('LAB0146', 'Creatinine', 'หมวดที่ 7 ค่าตรวจวินิจฉัยทางเทคนิคการแพทย์และพยาธิวิทยา', 40, 0, 0),
('LAB0148', 'Creatinine, Urine', 'หมวดที่ 7 ค่าตรวจวินิจฉัยทางเทคนิคการแพทย์และพยาธิวิทยา', 40, 0, 0),
('LAB0189', 'C-reactive protein (CRP), High sensitivity', 'หมวดที่ 7 ค่าตรวจวินิจฉัยทางเทคนิคการแพทย์และพยาธิวิทยา', 250, 0, 0),
('LAB0257', 'PSA (ฺBlood)', 'หมวดที่ 7 ค่าตรวจวินิจฉัยทางเทคนิคการแพทย์และพยาธิวิทยา', 300, 0, 0),
('LAB0336', 'Aerobic culture and sensitivity', 'หมวดที่ 7 ค่าตรวจวินิจฉัยทางเทคนิคการแพทย์และพยาธิวิทยา', 250, 0, 0),
('LAB0343', 'Gram stain', 'หมวดที่ 7 ค่าตรวจวินิจฉัยทางเทคนิคการแพทย์และพยาธิวิทยา', 65, 0, 0),
('LAB0366', 'AFB stain (Day 1)', 'หมวดที่ 7 ค่าตรวจวินิจฉัยทางเทคนิคการแพทย์และพยาธิวิทยา', 60, 0, 0),
('LAB0368', 'Modified acid-fast stain (mAFB)', 'หมวดที่ 7 ค่าตรวจวินิจฉัยทางเทคนิคการแพทย์และพยาธิวิทยา', 70, 0, 0),
('LAB0372', 'Mycobacterium culture', 'หมวดที่ 7 ค่าตรวจวินิจฉัยทางเทคนิคการแพทย์และพยาธิวิทยา', 200, 0, 0),
('LAB0805', 'Glucose (Non Fasting)', 'หมวดที่ 7 ค่าตรวจวินิจฉัยทางเทคนิคการแพทย์และพยาธิวิทยา', 40, 0, 0),
('LAB0809', 'ER', 'หมวดที่ 7 ค่าตรวจวินิจฉัยทางเทคนิคการแพทย์และพยาธิวิทยา', 570, 0, 0),
('LAB0810', 'HER-2', 'หมวดที่ 7 ค่าตรวจวินิจฉัยทางเทคนิคการแพทย์และพยาธิวิทยา', 740, 0, 0),
('LAB0811', 'Ki-67 (MIB-1)', 'หมวดที่ 7 ค่าตรวจวินิจฉัยทางเทคนิคการแพทย์และพยาธิวิทยา', 390, 0, 0),
('LAB619', 'Biopsy <2 cm', 'หมวดที่ 7 ค่าตรวจวินิจฉัยทางเทคนิคการแพทย์และพยาธิวิทยา', 240, 0, 0),
('LAB620', 'Biopsy 2-5 cm', 'หมวดที่ 7 ค่าตรวจวินิจฉัยทางเทคนิคการแพทย์และพยาธิวิทยา', 500, 0, 0),
('LAB621', 'Biopsy >5 cm', 'หมวดที่ 7 ค่าตรวจวินิจฉัยทางเทคนิคการแพทย์และพยาธิวิทยา', 1000, 0, 0),
('LAB622', 'อวัยวะหรือส่วนของอวัยวะที่ไม่ต้องเลาะตรวจต้อมน้ําเหลือง', 'หมวดที่ 7 ค่าตรวจวินิจฉัยทางเทคนิคการแพทย์และพยาธิวิทยา', 1200, 0, 0),
('LAB625', 'การตรวจด้วยวิธี Frozen section การตรวจรายละ', 'หมวดที่ 7 ค่าตรวจวินิจฉัยทางเทคนิคการแพทย์และพยาธิวิทยา', 1160, 0, 0),
('LAB627', 'Thyroidectomy (lobectomy or subtotal ortotal)', 'หมวดที่ 7 ค่าตรวจวินิจฉัยทางเทคนิคการแพทย์และพยาธิวิทยา', 1200, 0, 0),
('LAB631', 'Tonsil, each specimen (patho)', 'หมวดที่ 7 ค่าตรวจวินิจฉัยทางเทคนิคการแพทย์และพยาธิวิทยา', 240, 0, 0),
('LAB636', 'Lymph node, radical dissection (patho)', 'หมวดที่ 7 ค่าตรวจวินิจฉัยทางเทคนิคการแพทย์และพยาธิวิทยา', 1200, 0, 0),
('LAB642', 'Small bowel, resection (patho)', 'หมวดที่ 7 ค่าตรวจวินิจฉัยทางเทคนิคการแพทย์และพยาธิวิทยา', 1200, 0, 0),
('LAB644', 'Appendix', '', 240, 0, 0),
('LAB645', 'Colon, colectomy', 'หมวดที่ 7 ค่าตรวจวินิจฉัยทางเทคนิคการแพทย์และพยาธิวิทยา', 1200, 0, 0),
('LAB651', 'Liver wedge biopsy', 'หมวดที่ 7 ค่าตรวจวินิจฉัยทางเทคนิคการแพทย์และพยาธิวิทยา', 500, 0, 0),
('LAB653', 'Gallbladder', 'หมวดที่ 7 ค่าตรวจวินิจฉัยทางเทคนิคการแพทย์และพยาธิวิทยา', 500, 0, 0),
('LAB654', 'Omentectomy', 'หมวดที่ 7 ค่าตรวจวินิจฉัยทางเทคนิคการแพทย์และพยาธิวิทยา', 500, 0, 0),
('LAB658', 'Kidney, nephrectomy and partialnephrectomy', 'หมวดที่ 7 ค่าตรวจวินิจฉัยทางเทคนิคการแพทย์และพยาธิวิทยา', 2400, 0, 0),
('LAB660', 'Urinary bladder, cystectomy', 'หมวดที่ 7 ค่าตรวจวินิจฉัยทางเทคนิคการแพทย์และพยาธิวิทยา', 2400, 0, 0),
('LAB663', 'Urinary bladder, TUR-tumor', 'หมวดที่ 7 ค่าตรวจวินิจฉัยทางเทคนิคการแพทย์และพยาธิวิทยา', 500, 0, 0),
('LAB665', 'Prostate, needle biopsy', 'หมวดที่ 7 ค่าตรวจวินิจฉัยทางเทคนิคการแพทย์และพยาธิวิทยา', 2000, 0, 0),
('LAB666', 'Prostate gland, prostatic  chips (TUR)', 'หมวดที่ 7 ค่าตรวจวินิจฉัยทางเทคนิคการแพทย์และพยาธิวิทยา', 1450, 0, 0),
('LAB667', 'Prostate gland, prostatectomy for BPH', 'หมวดที่ 7 ค่าตรวจวินิจฉัยทางเทคนิคการแพทย์และพยาธิวิทยา', 2000, 0, 0),
('LAB669', 'Testis, unilateral or bilateral orchidectomy', 'หมวดที่ 7 ค่าตรวจวินิจฉัยทางเทคนิคการแพทย์และพยาธิวิทยา', 500, 0, 0),
('LAB670', 'Vasectomy (unilateral or bilateral)', 'หมวดที่ 7 ค่าตรวจวินิจฉัยทางเทคนิคการแพทย์และพยาธิวิทยา', 240, 0, 0),
('LAB674', 'Ovarian mass', 'หมวดที่ 7 ค่าตรวจวินิจฉัยทางเทคนิคการแพทย์และพยาธิวิทยา', 1200, 0, 0),
('LAB681', 'Uterus, hysterectomy with adnexa', 'หมวดที่ 7 ค่าตรวจวินิจฉัยทางเทคนิคการแพทย์และพยาธิวิทยา', 1200, 0, 0),
('LAB682', 'Cervical conization, LEEP', 'หมวดที่ 7 ค่าตรวจวินิจฉัยทางเทคนิคการแพทย์และพยาธิวิทยา', 1200, 0, 0),
('LAB690', 'Breast (mass, excision, 2-5 cm)', 'หมวดที่ 7 ค่าตรวจวินิจฉัยทางเทคนิคการแพทย์และพยาธิวิทยา', 500, 0, 0),
('LAB691', 'Breast (mass, excision, > 5 cm)', 'หมวดที่ 7 ค่าตรวจวินิจฉัยทางเทคนิคการแพทย์และพยาธิวิทยา', 1000, 0, 0),
('LAB692', 'Breast (mass, excision, less than 2 cm)', 'หมวดที่ 7 ค่าตรวจวินิจฉัยทางเทคนิคการแพทย์และพยาธิวิทยา', 240, 0, 0),
('LAB694', 'Breast (simple mastectomy)', 'หมวดที่ 7 ค่าตรวจวินิจฉัยทางเทคนิคการแพทย์และพยาธิวิทยา', 1200, 0, 0),
('LAB695', 'Breast, mastectomy (simple, radical,modified radical) and axillary content', 'หมวดที่ 7 ค่าตรวจวินิจฉัยทางเทคนิคการแพทย์และพยาธิวิทยา', 2400, 0, 0),
('LAB697', 'การตรวจเซลล์วิทยา - Non-Gynecologicalspecimen', 'หมวดที่ 7 ค่าตรวจวินิจฉัยทางเทคนิคการแพทย์และพยาธิวิทยา', 500, 0, 0),
('LABitem002', 'Covid-19 Ag Rapid Test', 'หมวดที่ 7 ค่าตรวจวินิจฉัยทางเทคนิคการแพทย์และพยาธิวิทยา', 150, 0, 0),
('MCH0602', 'Bankart Repair (Repair of recurrent dislocation of shoulder)', 'หมวดที่ 11 ค่าทำหัตถการและวิสัญญี', 6000, 0, 0),
('MD00198', 'ค่าบริการผู้ป่วยนอก (ในเวลา)', 'หมวดที่ 12 ค่าบริการผู้ป่วยนอก ในเวลาราชการ', 50, 0, 0),
('MD00199', 'ค่าบริการผู้ป่วยนอก (นอกเวลา)', 'หมวดที่ 12 ค่าบริการผู้ป่วยนอก นอกเวลาราชการ', 50, 0, 0),
('mfu0001', 'Doctor note (OPD)', 'หมวดที่ 16 ค่าบริการอื่นๆ ที่ไม่เกี่ยวกับการรักษาโดยตรง', 0, 0, 0),
('NEW24', 'ค่าบริการสถานพยาบาล-Hospital Charge (ในเวลา)', 'หมวดที่ 16 ค่าบริการอื่นๆ ที่ไม่เกี่ยวกับการรักษาโดยตรง', 50, 0, 0),
('NEW25', 'ค่าบริการสถานพยาบาล-Hospital Charge (นอกเวลา)', 'หมวดที่ 16 ค่าบริการอื่นๆ ที่ไม่เกี่ยวกับการรักษาโดยตรง', 150, 0, 0),
('OR0044', 'Decompression laminectomy', 'หมวดที่ 11 ค่าทำหัตถการและวิสัญญี', 11500, 0, 0),
('OR0045', 'Exploration of spinal nerve root', 'หมวดที่ 11 ค่าทำหัตถการและวิสัญญี', 11500, 0, 0),
('OR0052', 'Reduction of fracture of vertebrae', 'หมวดที่ 11 ค่าทำหัตถการและวิสัญญี', 13000, 0, 0),
('OR0056', 'Release of carpal tunnel', 'หมวดที่ 11 ค่าทำหัตถการและวิสัญญี', 2000, 0, 0),
('OR0061', 'Repair of digital nerve', 'หมวดที่ 11 ค่าทำหัตถการและวิสัญญี', 12000, 0, 0),
('OR0072', 'Subtotal thyroidectomy', 'หมวดที่ 11 ค่าทำหัตถการและวิสัญญี', 13500, 0, 0),
('OR0073', 'Complete thyroidectomy', 'หมวดที่ 11 ค่าทำหัตถการและวิสัญญี', 17000, 0, 0),
('OR0080', 'Partial parathyroidectomy', 'หมวดที่ 11 ค่าทำหัตถการและวิสัญญี', 11000, 0, 0),
('OR0085', 'Unilateral adrenalectomy', 'หมวดที่ 11 ค่าทำหัตถการและวิสัญญี', 14500, 0, 0),
('OR0090', 'Biopsy of eyelid', 'หมวดที่ 11 ค่าทำหัตถการและวิสัญญี', 2000, 0, 0),
('OR0091', 'Excision of chalazion', 'หมวดที่ 11 ค่าทำหัตถการและวิสัญญี', 2000, 0, 0),
('OR0096', 'Repair of blepharoptosis by frontalis muscle technique with fascial sling', 'หมวดที่ 11 ค่าทำหัตถการและวิสัญญี', 7000, 0, 0),
('OR0098', 'Repair of blepharoptosis by other levator muscle techniques', 'หมวดที่ 11 ค่าทำหัตถการและวิสัญญี', 8000, 0, 0),
('OR0100', 'Corrective blepharoplasty', 'หมวดที่ 11 ค่าทำหัตถการและวิสัญญี', 8500, 0, 0),
('OR0104', 'Repair of entropion or ectropion by suture technique', 'หมวดที่ 11 ค่าทำหัตถการและวิสัญญี', 5000, 0, 0),
('OR0109', 'Canthorrhaphy', 'หมวดที่ 11 ค่าทำหัตถการและวิสัญญี', 6000, 0, 0),
('OR0116', 'Reconstruction of eyelid involving lid margin, full-thickness', 'หมวดที่ 11 ค่าทำหัตถการและวิสัญญี', 8500, 0, 0),
('OR0117', 'Linear repair of laceration of eyelid or eyebrow', 'หมวดที่ 11 ค่าทำหัตถการและวิสัญญี', 3000, 0, 0),
('OR0144', 'Excision of pterygium with corneal graft', 'หมวดที่ 11 ค่าทำหัตถการและวิสัญญี', 4000, 0, 0),
('OR0145', 'Excision of pterygium', 'หมวดที่ 11 ค่าทำหัตถการและวิสัญญี', 3500, 0, 0),
('OR0151', 'Removal of intraocular foreign body from anterior segment of eye', 'หมวดที่ 11 ค่าทำหัตถการและวิสัญญี', 4500, 0, 0),
('OR0168', 'Cyclocryotherapy', '', 4500, 0, 0),
('OR0169', 'Cyclophotocoagulation', 'หมวดที่ 11 ค่าทำหัตถการและวิสัญญี', 4500, 0, 0),
('OR0170', 'Suture of laceration of sclera', 'หมวดที่ 11 ค่าทำหัตถการและวิสัญญี', 4500, 0, 0),
('OR0172', 'Paracentesis of anterior chamber', 'หมวดที่ 11 ค่าทำหัตถการและวิสัญญี', 5500, 0, 0),
('OR0175', 'Intracapsular extraction of lens', 'หมวดที่ 11 ค่าทำหัตถการและวิสัญญี', 7000, 0, 0),
('OR0177', 'Extracapsular extraction of lens by simple aspiration (and irrigation) technique', 'หมวดที่ 11 ค่าทำหัตถการและวิสัญญี', 7500, 0, 0),
('OR0178', 'Phacoemulsification and aspiration of cataract', 'หมวดที่ 11 ค่าทำหัตถการและวิสัญญี', 8500, 0, 0),
('OR0182', 'Insertion of intraocular lens prosthesis at time of cataract extraction, one-stage', 'หมวดที่ 11 ค่าทำหัตถการและวิสัญญี', 7500, 0, 0),
('OR0183', 'Secondary insertion of intraocular lens prosthesis', 'หมวดที่ 11 ค่าทำหัตถการและวิสัญญี', 7000, 0, 0),
('OR0193', 'Mechanical vitrectomy by anterior approach', 'หมวดที่ 11 ค่าทำหัตถการและวิสัญญี', 7000, 0, 0),
('OR0194', 'Injection of vitreous substitute', 'หมวดที่ 11 ค่าทำหัตถการและวิสัญญี', 6000, 0, 0),
('OR0244', 'Local excision or destruction of skin lesion of nose', 'หมวดที่ 11 ค่าทำหัตถการและวิสัญญี', 2500, 0, 0),
('OR0246', 'Closed reduction of nasal fracture', 'หมวดที่ 11 ค่าทำหัตถการและวิสัญญี', 3000, 0, 0),
('OR0252', 'Augmentation rhinoplasty', 'หมวดที่ 11 ค่าทำหัตถการและวิสัญญี', 9000, 0, 0),
('OR0259', 'Frontal sinusectomy', 'หมวดที่ 11 ค่าทำหัตถการและวิสัญญี', 11500, 0, 0),
('OR0265', 'Surgical removal of tooth', 'หมวดที่ 11 ค่าทำหัตถการและวิสัญญี', 6500, 0, 0),
('OR0277', 'Excision of lesion or tissue of gum', 'หมวดที่ 11 ค่าทำหัตถการและวิสัญญี', 3000, 0, 0),
('OR0279', 'Excision of dental lesion of jaw', 'หมวดที่ 11 ค่าทำหัตถการและวิสัญญี', 3000, 0, 0),
('OR0282', 'Application, insertion, or fitting of arch bars', 'หมวดที่ 11 ค่าทำหัตถการและวิสัญญี', 2000, 0, 0),
('OR0289', 'Suture of laceration of tongue', 'หมวดที่ 11 ค่าทำหัตถการและวิสัญญี', 3000, 0, 0),
('OR0311', 'Wide excision or destruction of lesion or tissue of bony palate', 'หมวดที่ 11 ค่าทำหัตถการและวิสัญญี', 5500, 0, 0),
('OR0314', 'Suture of laceration of lip', 'หมวดที่ 11 ค่าทำหัตถการและวิสัญญี', 2500, 0, 0),
('OR0326', 'Tonsillectomy without adenoidectomy', 'หมวดที่ 11 ค่าทำหัตถการและวิสัญญี', 6500, 0, 0),
('OR0327', 'Tonsillectomy with adenoidectomy', 'หมวดที่ 11 ค่าทำหัตถการและวิสัญญี', 7000, 0, 0),
('OR0340', 'Temporary tracheostomy', 'หมวดที่ 11 ค่าทำหัตถการและวิสัญญี', 3000, 0, 0),
('OR0342', 'Laryngoscopy and other tracheoscopy', 'หมวดที่ 11 ค่าทำหัตถการและวิสัญญี', 3000, 0, 0),
('OR0343', 'Open biopsy of larynx or trachea', 'หมวดที่ 11 ค่าทำหัตถการและวิสัญญี', 4000, 0, 0),
('OR0439', 'Ligation and stripping of varicose veins', 'หมวดที่ 11 ค่าทำหัตถการและวิสัญญี', 8000, 0, 0),
('OR0451', 'Formation of (peripheral) arteriovenous fistula for renal (kidney) dialysis', 'หมวดที่ 11 ค่าทำหัตถการและวิสัญญี', 7500, 0, 0),
('OR0471', 'Biopsy of lymphatic structure', 'หมวดที่ 11 ค่าทำหัตถการและวิสัญญี', 3000, 0, 0),
('OR0472', 'Excision of deep cervical lymph node', 'หมวดที่ 11 ค่าทำหัตถการและวิสัญญี', 6500, 0, 0),
('OR0474', 'Excision of axillary lymph node', 'หมวดที่ 11 ค่าทำหัตถการและวิสัญญี', 6000, 0, 0),
('OR0475', 'Excision of inguinal lymph node', 'หมวดที่ 11 ค่าทำหัตถการและวิสัญญี', 3500, 0, 0),
('OR0477', 'Regional lymph node excision', 'หมวดที่ 11 ค่าทำหัตถการและวิสัญญี', 10500, 0, 0),
('OR0511', 'Gastrostomy', 'หมวดที่ 11 ค่าทำหัตถการและวิสัญญี', 6000, 0, 0),
('OR0522', 'Open biopsy of stomach', 'หมวดที่ 11 ค่าทำหัตถการและวิสัญญี', 7000, 0, 0),
('OR0527', 'Suture of gastric ulcer site', 'หมวดที่ 11 ค่าทำหัตถการและวิสัญญี', 10000, 0, 0),
('OR0528', 'Suture of duodenal ulcer site', 'หมวดที่ 11 ค่าทำหัตถการและวิสัญญี', 10000, 0, 0),
('OR0531', 'Suture of laceration of stomach', 'หมวดที่ 11 ค่าทำหัตถการและวิสัญญี', 11000, 0, 0),
('OR0541', 'Esophagogastroduodenoscopy (EGD)', 'หมวดที่ 11 ค่าทำหัตถการและวิสัญญี', 2000, 0, 0),
('OR0549', 'Small bowel resection', 'หมวดที่ 11 ค่าทำหัตถการและวิสัญญี', 9000, 0, 0),
('OR0552', 'Cecectomy', 'หมวดที่ 11 ค่าทำหัตถการและวิสัญญี', 12500, 0, 0),
('OR0553', 'Right hemicolectomy', 'หมวดที่ 11 ค่าทำหัตถการและวิสัญญี', 15500, 0, 0),
('OR0555', 'Left hemicolectomy', 'หมวดที่ 11 ค่าทำหัตถการและวิสัญญี', 15500, 0, 0),
('OR0556', 'Sigmoidectomy', 'หมวดที่ 11 ค่าทำหัตถการและวิสัญญี', 15500, 0, 0),
('OR0558', 'Small-to-small intestinal anastomosis', 'หมวดที่ 11 ค่าทำหัตถการและวิสัญญี', 9000, 0, 0),
('OR0561', 'Large-to-large intestinal anastomosis', 'หมวดที่ 11 ค่าทำหัตถการและวิสัญญี', 12000, 0, 0),
('OR0564', 'Loop colostomy', 'หมวดที่ 11 ค่าทำหัตถการและวิสัญญี', 10000, 0, 0),
('OR0577', 'Closure or take-down of colostomy', 'หมวดที่ 11 ค่าทำหัตถการและวิสัญญี', 11000, 0, 0),
('OR0592', 'Laparoscopic appendectomy', 'หมวดที่ 11 ค่าทำหัตถการและวิสัญญี', 9000, 0, 0),
('OR0593', 'Appendectomy', '', 5000, 2500, 3000),
('OR0601', 'Proctosigmoidoscopy with biopsy', 'หมวดที่ 11 ค่าทำหัตถการและวิสัญญี', 1500, 0, 0),
('OR0603', 'Biopsy of perirectal tissue', 'หมวดที่ 11 ค่าทำหัตถการและวิสัญญี', 5500, 0, 0),
('OR0611', 'Low anterior resection', 'หมวดที่ 11 ค่าทำหัตถการและวิสัญญี', 15000, 0, 0),
('OR0620', 'Incision of perianal abscess', 'หมวดที่ 11 ค่าทำหัตถการและวิสัญญี', 2500, 0, 0),
('OR0622', 'Anal fistulotomy', 'หมวดที่ 16 ค่าบริการอื่นๆ ที่ไม่เกี่ยวกับการรักษาโดยตรง', 3000, 0, 0),
('OR0623', 'Anal fistulectomy', 'หมวดที่ 11 ค่าทำหัตถการและวิสัญญี', 3000, 0, 0),
('OR0624', 'Biopsy of perianal tissue', 'หมวดที่ 11 ค่าทำหัตถการและวิสัญญี', 5000, 0, 0),
('OR0627', 'Excision of hemorrhoids', 'หมวดที่ 11 ค่าทำหัตถการและวิสัญญี', 5000, 0, 0),
('OR0629', 'Left lateral anal sphincterotomy', 'หมวดที่ 11 ค่าทำหัตถการและวิสัญญี', 3000, 0, 0),
('OR0638', 'Wedge resection of liver', 'หมวดที่ 11 ค่าทำหัตถการและวิสัญญี', 13500, 0, 0),
('OR0642', 'Closure of laceration of liver', 'หมวดที่ 11 ค่าทำหัตถการและวิสัญญี', 9500, 0, 0),
('OR0647', 'Cholecystectomy', 'หมวดที่ 11 ค่าทำหัตถการและวิสัญญี', 8500, 0, 0),
('OR0648', 'Laparoscopic cholecystectomy', 'หมวดที่ 11 ค่าทำหัตถการและวิสัญญี', 10500, 0, 0),
('OR0676', 'Repair of direct inguinal hernia', 'หมวดที่ 11 ค่าทำหัตถการและวิสัญญี', 6500, 0, 0),
('OR0678', 'Repair of direct inguinal hernia with graft or prosthesis', 'หมวดที่ 11 ค่าทำหัตถการและวิสัญญี', 7500, 0, 0),
('OR0679', 'Repair of indirect inguinal hernia with graft or prosthesis', 'หมวดที่ 11 ค่าทำหัตถการและวิสัญญี', 7500, 0, 0),
('OR0683', 'Bilateral repair of direct inguinal hernia with graft or prosthesis', 'หมวดที่ 11 ค่าทำหัตถการและวิสัญญี', 11500, 0, 0),
('OR0684', 'Bilateral repair of indirect inguinal hernia with graft or prosthesis', 'หมวดที่ 11 ค่าทำหัตถการและวิสัญญี', 11500, 0, 0),
('OR0688', 'Repair of umbilical hernia', 'หมวดที่ 11 ค่าทำหัตถการและวิสัญญี', 7000, 0, 0),
('OR0698', 'Drainage of extraperitoneal abscess', 'หมวดที่ 11 ค่าทำหัตถการและวิสัญญี', 2000, 0, 0),
('OR0700', 'Exploratory laparotomy', 'หมวดที่ 11 ค่าทำหัตถการและวิสัญญี', 6000, 0, 0),
('OR0701', 'Reopening of recent laparotomy site for control of hemorrhage', 'หมวดที่ 11 ค่าทำหัตถการและวิสัญญี', 7500, 0, 0),
('OR0702', 'Reopening of recent laparotomy site for exploration', 'หมวดที่ 11 ค่าทำหัตถการและวิสัญญี', 7000, 0, 0),
('OR0705', 'Laparoscopy', 'หมวดที่ 11 ค่าทำหัตถการและวิสัญญี', 5000, 0, 0),
('OR0709', 'Biopsy of omentum', 'หมวดที่ 11 ค่าทำหัตถการและวิสัญญี', 6000, 0, 0),
('OR0710', 'Diagnostic peritoneal lavage', 'หมวดที่ 11 ค่าทำหัตถการและวิสัญญี', 3000, 0, 0),
('OR0711', 'Debridement of abdominal wall', 'หมวดที่ 11 ค่าทำหัตถการและวิสัญญี', 6000, 0, 0),
('OR0713', 'Excision of lesion of omentum', 'หมวดที่ 11 ค่าทำหัตถการและวิสัญญี', 6000, 0, 0),
('OR0716', 'Laparoscopic lysis of peritoneal adhesions', 'หมวดที่ 11 ค่าทำหัตถการและวิสัญญี', 10000, 0, 0),
('OR0717', 'Freeing of adhesions of intestines', 'หมวดที่ 11 ค่าทำหัตถการและวิสัญญี', 7500, 0, 0),
('OR0730', 'Nephrolithotomy', 'หมวดที่ 11 ค่าทำหัตถการและวิสัญญี', 9000, 0, 0),
('OR0733', 'Percutaneous nephrostomy without fragmentation', 'หมวดที่ 11 ค่าทำหัตถการและวิสัญญี', 4000, 0, 0),
('OR0738', 'Partial nephrectomy', 'หมวดที่ 11 ค่าทำหัตถการและวิสัญญี', 11000, 0, 0),
('OR0740', 'Total nephrectomy (unilateral)', 'หมวดที่ 11 ค่าทำหัตถการและวิสัญญี', 25000, 0, 0),
('OR0748', 'Replacement of nephrostomy tube', 'หมวดที่ 11 ค่าทำหัตถการและวิสัญญี', 1500, 0, 0),
('OR0750', 'URSL (Ureteroscopy with litholapaxy)', 'หมวดที่ 11 ค่าทำหัตถการและวิสัญญี', 7500, 0, 0),
('OR0753', 'Ureteroscopy', 'หมวดที่ 11 ค่าทำหัตถการและวิสัญญี', 3500, 0, 0),
('OR0763', 'Double J insertion', 'หมวดที่ 11 ค่าทำหัตถการและวิสัญญี', 3500, 0, 0),
('OR0764', 'Transurethral litholapexy', 'หมวดที่ 11 ค่าทำหัตถการและวิสัญญี', 3500, 0, 0),
('OR0770', 'Transurethral cystoscopy', 'หมวดที่ 11 ค่าทำหัตถการและวิสัญญี', 2000, 0, 0),
('OR0771', 'Closed (transurethral) biopsy of bladder', 'หมวดที่ 11 ค่าทำหัตถการและวิสัญญี', 2000, 0, 0),
('OR0773', 'TUR bladder tumor', 'หมวดที่ 11 ค่าทำหัตถการและวิสัญญี', 5500, 0, 0),
('OR0774', 'Excision of urachus', 'หมวดที่ 11 ค่าทำหัตถการและวิสัญญี', 4500, 0, 0),
('OR0776', 'Partial cystectomy', 'หมวดที่ 11 ค่าทำหัตถการและวิสัญญี', 13000, 0, 0),
('OR0778', 'Radical cystectomy', 'หมวดที่ 11 ค่าทำหัตถการและวิสัญญี', 17500, 0, 0),
('OR0782', 'Ileal bladder', 'หมวดที่ 11 ค่าทำหัตถการและวิสัญญี', 14500, 0, 0),
('OR0784', 'Urethrotomy', 'หมวดที่ 11 ค่าทำหัตถการและวิสัญญี', 3500, 0, 0),
('OR0791', 'Dilation of urethra', 'หมวดที่ 11 ค่าทำหัตถการและวิสัญญี', 1000, 0, 0),
('OR0796', 'Transurethral resection of prostate (TURP)', 'หมวดที่ 11 ค่าทำหัตถการและวิสัญญี', 8500, 0, 0),
('OR0797', 'Suprapubic prostatectomy', 'หมวดที่ 11 ค่าทำหัตถการและวิสัญญี', 19000, 0, 0),
('OR0800', 'Incision and drainage of scrotum and tunica vaginalis', 'หมวดที่ 11 ค่าทำหัตถการและวิสัญญี', 2000, 0, 0),
('OR0808', 'Bilateral orchiectomy', 'หมวดที่ 11 ค่าทำหัตถการและวิสัญญี', 5500, 0, 0),
('OR0815', 'Vasectomy', 'หมวดที่ 11 ค่าทำหัตถการและวิสัญญี', 2500, 0, 0),
('OR0817', 'Circumcision', 'หมวดที่ 11 ค่าทำหัตถการและวิสัญญี', 2500, 0, 0),
('OR0818', 'Biopsy of penis', 'หมวดที่ 11 ค่าทำหัตถการและวิสัญญี', 1500, 0, 0),
('OR0819', 'Local excision or destruction of lesion of penis', 'หมวดที่ 11 ค่าทำหัตถการและวิสัญญี', 2000, 0, 0),
('OR0820', 'Amputation of penis', 'หมวดที่ 11 ค่าทำหัตถการและวิสัญญี', 3500, 0, 0),
('OR0824', 'Dorsal or lateral slit of prepuce', 'หมวดที่ 11 ค่าทำหัตถการและวิสัญญี', 2000, 0, 0),
('OR0827', 'Laparoscopic wedge resection of ovary', 'หมวดที่ 11 ค่าทำหัตถการและวิสัญญี', 11500, 0, 0),
('OR0830', 'Laparoscopic unilateral salpingo-oophorectomy', 'หมวดที่ 11 ค่าทำหัตถการและวิสัญญี', 13000, 0, 0),
('OR0831', 'Unilateral salpingo-oophorectomy', 'หมวดที่ 11 ค่าทำหัตถการและวิสัญญี', 9500, 0, 0),
('OR0832', 'Bilateral oophorectomy', 'หมวดที่ 11 ค่าทำหัตถการและวิสัญญี', 12000, 0, 0),
('OR0833', 'Bilateral salpingo-oophorectomy', 'หมวดที่ 11 ค่าทำหัตถการและวิสัญญี', 12500, 0, 0),
('OR0835', 'Salpingo-oophoroplasty', 'หมวดที่ 11 ค่าทำหัตถการและวิสัญญี', 5500, 0, 0),
('OR0838', 'Tubal Resection', 'หมวดที่ 11 ค่าทำหัตถการและวิสัญญี', 3500, 0, 0),
('OR0839', 'Total unilateral salpingectomy', 'หมวดที่ 11 ค่าทำหัตถการและวิสัญญี', 8000, 0, 0),
('OR0840', 'Total bilateral salpingectomy', 'หมวดที่ 11 ค่าทำหัตถการและวิสัญญี', 11500, 0, 0),
('OR0844', 'Dilation of cervical canal', 'หมวดที่ 11 ค่าทำหัตถการและวิสัญญี', 2000, 0, 0),
('OR0846', 'Destruction of lesion of cervix by cauterization', 'หมวดที่ 11 ค่าทำหัตถการและวิสัญญี', 2500, 0, 0),
('OR0851', 'Hysteroscopy', 'หมวดที่ 11 ค่าทำหัตถการและวิสัญญี', 5000, 0, 0),
('OR0853', 'Dilation and curettage for destruction of lesion or tissue of uterus', 'หมวดที่ 11 ค่าทำหัตถการและวิสัญญี', 3500, 0, 0),
('OR0854', 'Uterine myomectomy', 'หมวดที่ 11 ค่าทำหัตถการและวิสัญญี', 7500, 0, 0),
('OR0857', 'Total abdominal hysterectomy', 'หมวดที่ 11 ค่าทำหัตถการและวิสัญญี', 11000, 0, 0),
('OR0859', 'Laparoscopically assisted vaginal hysterectomy (LAVH)', 'หมวดที่ 11 ค่าทำหัตถการและวิสัญญี', 15500, 0, 0),
('OR0876', 'Cauterization of condyloma', 'หมวดที่ 11 ค่าทำหัตถการและวิสัญญี', 2000, 0, 0),
('OR0882', 'Classical cesarean section', 'หมวดที่ 11 ค่าทำหัตถการและวิสัญญี', 8500, 0, 0),
('OR0883', 'Low cervical cesarean section', 'หมวดที่ 11 ค่าทำหัตถการและวิสัญญี', 8000, 0, 0),
('OR0897', 'Total osteoplasty (osteotomy) of maxilla', 'หมวดที่ 11 ค่าทำหัตถการและวิสัญญี', 42000, 0, 0),
('OR0903', 'Open reduction of maxillary fracture', 'หมวดที่ 11 ค่าทำหัตถการและวิสัญญี', 10000, 0, 0),
('OR0905', 'Open reduction of mandibular fracture', 'หมวดที่ 11 ค่าทำหัตถการและวิสัญญี', 10500, 0, 0),
('OR0914', 'Wedge osteotomy', 'หมวดที่ 11 ค่าทำหัตถการและวิสัญญี', 3000, 0, 0),
('OR0918', 'Local excision of lesion or tissue of bone, clavicle', 'หมวดที่ 11 ค่าทำหัตถการและวิสัญญี', 5000, 0, 0),
('OR0925', 'Local excision of lesion or tissue of bone, phalanges (of foot) (of hand)', 'หมวดที่ 11 ค่าทำหัตถการและวิสัญญี', 2500, 0, 0),
('OR0939', 'Application of external fixation device, tibia and fibula', 'หมวดที่ 11 ค่าทำหัตถการและวิสัญญี', 4000, 0, 0),
('OR0945', 'Removal of external fixator device, radius and ulna', 'หมวดที่ 11 ค่าทำหัตถการและวิสัญญี', 3000, 0, 0),
('OR0946', 'Removal of external fixator device,  tibia and fibula', 'หมวดที่ 11 ค่าทำหัตถการและวิสัญญี', 3000, 0, 0);
INSERT INTO `item` (`item_code`, `item_name`, `item_category`, `item_unitprice`, `item_uc_price`, `item_ofc_price`) VALUES
('OR0948', 'Removal of internal fixation device, radius and ulna', 'หมวดที่ 11 ค่าทำหัตถการและวิสัญญี', 5500, 0, 0),
('OR0950', 'Removal of internal fixation device, femur', 'หมวดที่ 11 ค่าทำหัตถการและวิสัญญี', 13000, 0, 0),
('OR0952', 'Removal of internal fixation device, tibia and fibula', 'หมวดที่ 11 ค่าทำหัตถการและวิสัญญี', 5500, 0, 0),
('OR0953', 'Removal of internal fixation device, tarsals and metatarsals', 'หมวดที่ 11 ค่าทำหัตถการและวิสัญญี', 5500, 0, 0),
('OR0955', 'Removal of internal fixation device, vertebrae', 'หมวดที่ 11 ค่าทำหัตถการและวิสัญญี', 6000, 0, 0),
('OR0964', 'Closed reduction of fracture with internal fixation, humerus', 'หมวดที่ 11 ค่าทำหัตถการและวิสัญญี', 5500, 0, 0),
('OR0965', 'Closed reduction of fracture with internal fixation, radius and ulna', 'หมวดที่ 11 ค่าทำหัตถการและวิสัญญี', 5000, 0, 0),
('OR0967', 'Closed reduction of fracture with internal fixation, phalanges of hand', 'หมวดที่ 11 ค่าทำหัตถการและวิสัญญี', 4000, 0, 0),
('OR0968', 'Closed reduction of fracture with internal fixation, femur', 'หมวดที่ 11 ค่าทำหัตถการและวิสัญญี', 6000, 0, 0),
('OR0977', 'Open reduction of fracture without internal fixation, tibia and fibula', 'หมวดที่ 11 ค่าทำหัตถการและวิสัญญี', 7500, 0, 0),
('OR0980', 'Open reduction of fracture with internal fixation, humerus', 'หมวดที่ 11 ค่าทำหัตถการและวิสัญญี', 10000, 0, 0),
('OR0981', 'Open reduction of fracture with internal fixation, radius and ulna', 'หมวดที่ 11 ค่าทำหัตถการและวิสัญญี', 9500, 0, 0),
('OR0982', 'Open reduction of fracture with internal fixation, carpals and metacarpals', 'หมวดที่ 11 ค่าทำหัตถการและวิสัญญี', 6500, 0, 0),
('OR0985', 'Open reduction of fracture with internal fixation, femur', 'หมวดที่ 11 ค่าทำหัตถการและวิสัญญี', 11000, 0, 0),
('OR0987', 'Open reduction of fracture with internal fixation, tibia and fibula', 'หมวดที่ 11 ค่าทำหัตถการและวิสัญญี', 10500, 0, 0),
('OR0988', 'Open reduction of fracture with internal fixation, malleolar', 'หมวดที่ 11 ค่าทำหัตถการและวิสัญญี', 7500, 0, 0),
('OR0989', 'Open reduction of fracture with internal fixation, tarsals and metatarsals', 'หมวดที่ 11 ค่าทำหัตถการและวิสัญญี', 7500, 0, 0),
('OR0991', 'Open reduction of fracture with internal fixation, platella', 'หมวดที่ 11 ค่าทำหัตถการและวิสัญญี', 8500, 0, 0),
('OR1004', 'Debridement of compound fracture, phalanges of hand', 'หมวดที่ 11 ค่าทำหัตถการและวิสัญญี', 3500, 0, 0),
('OR1006', 'Debridement of compound fracture, tibia and fibula', 'หมวดที่ 11 ค่าทำหัตถการและวิสัญญี', 4000, 0, 0),
('OR1019', 'Open reduction of dislocation of wrist', 'หมวดที่ 11 ค่าทำหัตถการและวิสัญญี', 5500, 0, 0),
('OR1028', 'Arthroscopy, shoulder', 'หมวดที่ 11 ค่าทำหัตถการและวิสัญญี', 7500, 0, 0),
('OR1029', 'Arthroscopy, knee', 'หมวดที่ 11 ค่าทำหัตถการและวิสัญญี', 7500, 0, 0),
('OR1030', 'Aspiration biopsy', 'หมวดที่ 11 ค่าทำหัตถการและวิสัญญี', 2000, 0, 0),
('OR1031', 'Diskectomy', 'หมวดที่ 11 ค่าทำหัตถการและวิสัญญี', 10000, 0, 0),
('OR1032', 'Excision of meniscus of knee', 'หมวดที่ 11 ค่าทำหัตถการและวิสัญญี', 8000, 0, 0),
('OR1035', 'Synovectomy, tarsals and metatarsals', 'หมวดที่ 11 ค่าทำหัตถการและวิสัญญี', 3500, 0, 0),
('OR1038', 'Pedicular screws fixation of spine', 'หมวดที่ 11 ค่าทำหัตถการและวิสัญญี', 15000, 0, 0),
('OR1040', 'Arthrodesis of C2 level or below anterior (interbody) technique', 'หมวดที่ 11 ค่าทำหัตถการและวิสัญญี', 16500, 0, 0),
('OR1044', 'Lumbar and lumbosacral fusion, posterior technique', 'หมวดที่ 11 ค่าทำหัตถการและวิสัญญี', 14500, 0, 0),
('OR1045', 'Ankle fusion', 'หมวดที่ 11 ค่าทำหัตถการและวิสัญญี', 9000, 0, 0),
('OR1047', 'Arthrodesis of knee', 'หมวดที่ 11 ค่าทำหัตถการและวิสัญญี', 12500, 0, 0),
('OR1051', 'ACL reconstruction', 'หมวดที่ 11 ค่าทำหัตถการและวิสัญญี', 12000, 0, 0),
('OR1052', 'PCL reconstruction', 'หมวดที่ 11 ค่าทำหัตถการและวิสัญญี', 12500, 0, 0),
('OR1054', 'Total hip replacement', 'หมวดที่ 11 ค่าทำหัตถการและวิสัญญี', 18000, 0, 0),
('OR1055', 'Femoral head replacement (hemiarthroplasty)', 'หมวดที่ 11 ค่าทำหัตถการและวิสัญญี', 11500, 0, 0),
('OR1056', 'Bipolar endoprosthesis', 'หมวดที่ 11 ค่าทำหัตถการและวิสัญญี', 11500, 0, 0),
('OR1057', 'Total knee replacement', 'หมวดที่ 11 ค่าทำหัตถการและวิสัญญี', 18000, 0, 0),
('OR1060', 'Suture of capsule or ligament of upper extremity', 'หมวดที่ 11 ค่าทำหัตถการและวิสัญญี', 6000, 0, 0),
('OR1061', 'Suture of capsule or ligament of ankle and foot', 'หมวดที่ 11 ค่าทำหัตถการและวิสัญญี', 6500, 0, 0),
('OR1064', 'Excision of lesion of tendon sheath of hand', 'หมวดที่ 11 ค่าทำหัตถการและวิสัญญี', 3500, 0, 0),
('OR1065', 'Suture of tendon sheath of hand', 'หมวดที่ 11 ค่าทำหัตถการและวิสัญญี', 6000, 0, 0),
('OR1073', 'Fasciotomy', 'หมวดที่ 11 ค่าทำหัตถการและวิสัญญี', 5000, 0, 0),
('OR1076', 'Muscle release', 'หมวดที่ 11 ค่าทำหัตถการและวิสัญญี', 3500, 0, 0),
('OR1078', 'Biopsy of soft tissue', 'หมวดที่ 11 ค่าทำหัตถการและวิสัญญี', 3000, 0, 0),
('OR1079', 'Excision of ganglion of tendon sheath,  except of hand', 'หมวดที่ 11 ค่าทำหัตถการและวิสัญญี', 3000, 0, 0),
('OR1080', 'Excision of lesion of muscle', 'หมวดที่ 11 ค่าทำหัตถการและวิสัญญี', 3500, 0, 0),
('OR1085', 'Bursectomy', 'หมวดที่ 11 ค่าทำหัตถการและวิสัญญี', 2500, 0, 0),
('OR1086', 'Suture of tendon sheath', 'หมวดที่ 11 ค่าทำหัตถการและวิสัญญี', 5000, 0, 0),
('OR1087', 'Rotator cuff repair', 'หมวดที่ 11 ค่าทำหัตถการและวิสัญญี', 6000, 0, 0),
('OR1091', 'Reattachment of tendon', 'หมวดที่ 11 ค่าทำหัตถการและวิสัญญี', 4000, 0, 0),
('OR1098', 'Teno achillis lengthening', 'หมวดที่ 11 ค่าทำหัตถการและวิสัญญี', 7500, 0, 0),
('OR1100', 'Amputation and disarticulation of finger', 'หมวดที่ 11 ค่าทำหัตถการและวิสัญญี', 3500, 0, 0),
('OR1108', 'Amputation of toe', 'หมวดที่ 11 ค่าทำหัตถการและวิสัญญี', 3000, 0, 0),
('OR1124', 'Open biopsy of breast', 'หมวดที่ 11 ค่าทำหัตถการและวิสัญญี', 3500, 0, 0),
('OR1125', 'Local excision of lesion of breast', 'หมวดที่ 11 ค่าทำหัตถการและวิสัญญี', 3500, 0, 0),
('OR1126', 'Resection of quadrant of breast', 'หมวดที่ 11 ค่าทำหัตถการและวิสัญญี', 5500, 0, 0),
('OR1131', 'Removal of breast tissue with preservation of skin and nipple', 'หมวดที่ 11 ค่าทำหัตถการและวิสัญญี', 9500, 0, 0),
('OR1132', 'Unilateral simple mastectomy', 'หมวดที่ 11 ค่าทำหัตถการและวิสัญญี', 9500, 0, 0),
('OR1133', 'Bilateral simple mastectomy', 'หมวดที่ 11 ค่าทำหัตถการและวิสัญญี', 15000, 0, 0),
('OR1134', 'Modified radical mastectomy', 'หมวดที่ 11 ค่าทำหัตถการและวิสัญญี', 15000, 0, 0),
('OR1135', 'Unilateral radical mastectomy', 'หมวดที่ 11 ค่าทำหัตถการและวิสัญญี', 16500, 0, 0),
('OR1141', 'Full-thickness graft to breast', 'หมวดที่ 11 ค่าทำหัตถการและวิสัญญี', 5000, 0, 0),
('OR1146', 'Incision and drainage of skin and subcutaneous tissue', 'หมวดที่ 11 ค่าทำหัตถการและวิสัญญี', 1000, 0, 0),
('OR1147', 'Incision with removal of foreign body from skin and subcutaneous tissue', 'หมวดที่ 11 ค่าทำหัตถการและวิสัญญี', 2000, 0, 0),
('OR1150', 'Biopsy of skin and subcutaneous tissue', 'หมวดที่ 11 ค่าทำหัตถการและวิสัญญี', 2000, 0, 0),
('OR1152', 'Excisional debridement of wound, infection, or burn', 'หมวดที่ 11 ค่าทำหัตถการและวิสัญญี', 2500, 0, 0),
('OR1154', 'Removal of nail, nail bed, or nail fold', 'หมวดที่ 11 ค่าทำหัตถการและวิสัญญี', 1600, 0, 0),
('OR1157', 'Debridement of nail, nail bed, or nail fold', 'หมวดที่ 11 ค่าทำหัตถการและวิสัญญี', 2000, 0, 0),
('OR1160', 'Wide excision of skin lesion involving underlying or adjacent structure', 'หมวดที่ 11 ค่าทำหัตถการและวิสัญญี', 4000, 0, 0),
('OR1163', 'Split-thickness skin graft', 'หมวดที่ 11 ค่าทำหัตถการและวิสัญญี', 3500, 0, 0),
('OR1165', 'Full-thickness skin graft to other sites', 'หมวดที่ 11 ค่าทำหัตถการและวิสัญญี', 4000, 0, 0),
('OR1168', 'Attachment of pedicle or flap graft to hand', 'หมวดที่ 11 ค่าทำหัตถการและวิสัญญี', 8000, 0, 0),
('OR1169', 'Attachment of pedicle or flap graft to other sites', 'หมวดที่ 11 ค่าทำหัตถการและวิสัญญี', 8000, 0, 0),
('OR1173', 'Liposuction', 'หมวดที่ 11 ค่าทำหัตถการและวิสัญญี', 10500, 0, 0),
('OR1178', 'Repair of facial wound', 'หมวดที่ 11 ค่าทำหัตถการและวิสัญญี', 4000, 0, 0),
('OR1183', 'Retrograde pyelogram', 'หมวดที่ 11 ค่าทำหัตถการและวิสัญญี', 1500, 0, 0),
('OR1189', 'Removal of intraluminal foreign body from ear without incision', 'หมวดที่ 11 ค่าทำหัตถการและวิสัญญี', 1000, 0, 0),
('OR1196', 'Enucleation of eyeball with synchronous implant into Tenon\'s capsule with attachment of muscles', 'หมวดที่ 11 ค่าทำหัตถการและวิสัญญี', 5000, 0, 0),
('OR1219', 'ESOPHAGOSCOPY WITH REMOVE FB', 'หมวดที่ 11 ค่าทำหัตถการและวิสัญญี', 1400, 0, 0),
('OR1220', 'GASTRODUODENOSCOPY', 'หมวดที่ 11 ค่าทำหัตถการและวิสัญญี', 1300, 0, 0),
('OR1221', 'GASTRODUODENOSCOPY & BIOPSY', 'หมวดที่ 11 ค่าทำหัตถการและวิสัญญี', 3000, 0, 0),
('OR1222', 'ESOPHAGO-GASTROSCOPE WITH BANDING', 'หมวดที่ 11 ค่าทำหัตถการและวิสัญญี', 1900, 0, 0),
('OR1223', 'ESOPHAGO-GASTROSCOPE WITH ADRENALIN INJECTION', 'หมวดที่ 11 ค่าทำหัตถการและวิสัญญี', 1600, 0, 0),
('OR1224', 'GASTRODUODENOSCOPY&SCLEROTHERPY(LASER,HEAT)', 'หมวดที่ 11 ค่าทำหัตถการและวิสัญญี', 2900, 0, 0),
('OR1229', 'COLONOSCOPY & BIOPSY', 'หมวดที่ 11 ค่าทำหัตถการและวิสัญญี', 2500, 0, 0),
('OR1230', 'COLONOSCOPY & POLYPECTOMY', 'หมวดที่ 11 ค่าทำหัตถการและวิสัญญี', 6600, 0, 0),
('OR1231', 'ERCP(Endoscopic Retrograde Cholangio Pancreatography)', 'หมวดที่ 11 ค่าทำหัตถการและวิสัญญี', 6500, 0, 0),
('OR1236', 'Colonoscopy (การส่องตรวจลำไส้ใหญ่)', 'หมวดที่ 11 ค่าทำหัตถการและวิสัญญี', 2300, 0, 0),
('OR1284', 'Other operations on vitreous', '', 6000, 0, 0),
('OR1285', 'Bilateral Sagittal split osteotomy (BSSO)', 'หมวดที่ 11 ค่าทำหัตถการและวิสัญญี', 105000, 0, 0),
('ORR001', 'ห้องผ่าตัดเล็ก', 'หมวดที่ 16 ค่าบริการอื่นๆ ที่ไม่เกี่ยวกับการรักษาโดยตรง', 2000, 0, 0),
('ORR002', 'ค่าห้องผ่าตัดใหญ่', 'หมวดที่ 16 ค่าบริการอื่นๆ ที่ไม่เกี่ยวกับการรักษาโดยตรง', 4500, 0, 0),
('ORSP238', 'Silicone suction [Extra OR]', 'หมวดที่ 5 ค่าเวชภัณฑ์มิใช่ยา เวชภัณฑ์ 1', 0, 0, 0),
('OUT011', 'MTB/NTM Real-time PCR', 'หมวดที่ 7 ค่าตรวจวินิจฉัยทางเทคนิคการแพทย์และพยาธิวิทยา', 2000, 0, 0),
('SMC08', 'SMC-ค่าบริการห้องผ่าตัด กรณีขนาดเล็ก', 'หมวดที่ 16 ค่าบริการอื่นๆ ที่ไม่เกี่ยวกับการรักษาโดยตรง', 2500, 0, 0),
('SMC09', 'SMC-ค่าบริการห้องผ่าตัด กรณีขนาดใหญ่', 'หมวดที่ 16 ค่าบริการอื่นๆ ที่ไม่เกี่ยวกับการรักษาโดยตรง', 4500, 0, 0),
('SMC10', 'SMC-ค่าอุปกรณ์ทางการแพทย์และค่าวัสดุ (*ต้องคำนวณเอง)', 'หมวดที่ 17 ค่าธรรมเนียมแพทย์และบุคลากรวิชาชีพ', 35000, 0, 0),
('SMC12', 'DF-ค่าธรรมเนียมแพทย์เฉพาะทางในคลินิกพิเศษนอกเวลา', 'หมวดที่ 17 ค่าธรรมเนียมแพทย์และบุคลากรวิชาชีพ', 350, 0, 0),
('SMC16', 'DF-ค่าธรรมเนียมแพทย์เฉพาะทางตรวจรักษาในหอผู้ป่วย', 'หมวดที่ 17 ค่าธรรมเนียมแพทย์และบุคลากรวิชาชีพ', 500, 0, 0),
('SMC21', 'SMC-ค่าพยาบาลวิชาชีพในห้องผ่าตัด-ขนาดเล็ก', 'หมวดที่ 17 ค่าธรรมเนียมแพทย์และบุคลากรวิชาชีพ', 420, 0, 0),
('SMC22', 'SMC-ค่าพยาบาลวิชาชีพในห้องผ่าตัด-ขนาดใหญ่', 'หมวดที่ 17 ค่าธรรมเนียมแพทย์และบุคลากรวิชาชีพ', 720, 0, 0),
('SMC23', 'ค่าห้องผู้ป่วยพิเศษเดี่ยว (SMC)', 'หมวดที่ 1 ค่าห้องและค่าอาหาร', 3000, 0, 0),
('SMC24', 'ค่าห้องผู้ป่วยพิเศษเดี่ยว VIP (SMC)', 'หมวดที่ 1 ค่าห้องและค่าอาหาร', 4500, 0, 0),
('XR0111', 'Ultrasound Breast', 'หมวดที่ 8 ค่าตรวจวินิจฉัยและการรักษาทางรังสีวิทยาปกติ', 800, 0, 0),
('XR0141', 'Liver elastography', 'หมวดที่ 8 ค่าตรวจวินิจฉัยและการรักษาทางรังสีวิทยาปกติ', 2000, 0, 0),
('XR0144', 'Ultrasound Abdominal wall', 'หมวดที่ 8 ค่าตรวจวินิจฉัยและการรักษาทางรังสีวิทยาปกติ', 800, 0, 0),
('XR0274', 'Foot Lt.Ap-Oblique', 'หมวดที่ 8 ค่าตรวจวินิจฉัยและการรักษาทางรังสีวิทยาปกติ', 250, 0, 0),
('XR0341', 'KUB', 'หมวดที่ 8 ค่าตรวจวินิจฉัยและการรักษาทางรังสีวิทยาปกติ', 250, 0, 0),
('XR0349', 'Knee Lt.Ap-Lateral', 'หมวดที่ 8 ค่าตรวจวินิจฉัยและการรักษาทางรังสีวิทยาปกติ', 250, 0, 0),
('XR054', 'Cystogram', 'หมวดที่ 8 ค่าตรวจวินิจฉัยและการรักษาทางรังสีวิทยาปกติ', 1500, 0, 0),
('XR0543', 'Hysterosalpingography', 'หมวดที่ 8 ค่าตรวจวินิจฉัยและการรักษาทางรังสีวิทยาปกติ', 1800, 0, 0),
('XR0635', 'Ultrasound Endovaginal or endorectal probe', 'หมวดที่ 8 ค่าตรวจวินิจฉัยและการรักษาทางรังสีวิทยาปกติ', 2000, 0, 0),
('XR0638', 'Ultrasound bed side', '', 800, 0, 0),
('XRUSEXT1', 'Ultrasound Arm (1 side)', 'หมวดที่ 8 ค่าตรวจวินิจฉัยและการรักษาทางรังสีวิทยาปกติ', 800, 0, 0);

-- --------------------------------------------------------

--
-- Table structure for table `labxray`
--

DROP TABLE IF EXISTS `labxray`;
CREATE TABLE IF NOT EXISTS `labxray` (
  `lab_id` varchar(10) CHARACTER SET utf8mb4 COLLATE utf8mb4_unicode_ci NOT NULL,
  `lab_name` varchar(255) CHARACTER SET utf8mb4 COLLATE utf8mb4_unicode_ci NOT NULL,
  `lab_type` varchar(30) CHARACTER SET utf8mb4 COLLATE utf8mb4_unicode_ci NOT NULL,
  `lab_cost` double NOT NULL,
  `lab_status` tinyint(1) NOT NULL,
  PRIMARY KEY (`lab_id`)
) ENGINE=InnoDB DEFAULT CHARSET=utf8mb4 COLLATE=utf8mb4_unicode_ci;

--
-- Dumping data for table `labxray`
--

INSERT INTO `labxray` (`lab_id`, `lab_name`, `lab_type`, `lab_cost`, `lab_status`) VALUES
('LX0001', 'ความดัน', 'LAB', 500, 1),
('LX0002', 'กระดูกข้อต่อแขน', 'X-RAY', 1200, 1);

-- --------------------------------------------------------

--
-- Table structure for table `set_detail`
--

DROP TABLE IF EXISTS `set_detail`;
CREATE TABLE IF NOT EXISTS `set_detail` (
  `std_id` int NOT NULL AUTO_INCREMENT,
  `set_id` varchar(10) CHARACTER SET utf8mb4 COLLATE utf8mb4_unicode_ci NOT NULL,
  `item_code` varchar(512) CHARACTER SET utf8mb4 COLLATE utf8mb4_unicode_ci NOT NULL,
  `std_amount` varchar(6) CHARACTER SET utf8mb4 COLLATE utf8mb4_unicode_ci NOT NULL DEFAULT '1',
  PRIMARY KEY (`std_id`),
  KEY `set_detail_ibfk_2` (`set_id`),
  KEY `item_code` (`item_code`)
) ENGINE=InnoDB AUTO_INCREMENT=286 DEFAULT CHARSET=utf8mb4 COLLATE=utf8mb4_unicode_ci;

--
-- Dumping data for table `set_detail`
--

INSERT INTO `set_detail` (`std_id`, `set_id`, `item_code`, `std_amount`) VALUES
(240, 'set001', 'OR0593', '1'),
(241, 'set001', '400001589', '1'),
(242, 'set001', '400001932', '1'),
(243, 'set001', '400001990', '1'),
(244, 'set001', '400002550', '1'),
(245, 'set001', '400002594', '1'),
(246, 'set001', '400002595', '1'),
(247, 'set001', '400002940', '1'),
(248, 'set001', '400003053', '1'),
(249, 'set001', '400003070', '1'),
(250, 'set001', '400003079', '1'),
(251, 'set001', '400003249', '1'),
(252, 'set001', '400004042', '1'),
(253, 'set001', '400004243', '1'),
(254, 'set001', '400007567', '1'),
(255, 'set001', '400007568', '1'),
(256, 'set001', '400009695', '1'),
(257, 'set001', 'LAB644', '1'),
(258, 'set002', 'OR0593', '1'),
(259, 'set002', '400001589', '1'),
(260, 'set002', '400001932', '1'),
(261, 'set002', '400001990', '1'),
(262, 'set002', '400002550', '1'),
(263, 'set002', '400002594', '1'),
(264, 'set002', '400002595', '1'),
(265, 'set002', '400002940', '1'),
(266, 'set002', '400003053', '1'),
(267, 'set002', '400003070', '1'),
(268, 'set002', '400003079', '1'),
(269, 'set002', '400003249', '1'),
(270, 'set002', '400004042', '1'),
(271, 'set002', '400004243', '1'),
(272, 'set002', '400007567', '1'),
(273, 'set002', '400007568', '1'),
(274, 'set002', '400009695', '1'),
(275, 'set002', 'LAB644', '1'),
(276, 'set003', '200003551', '1'),
(277, 'set003', '400000139', '1'),
(278, 'set003', '400000256', '1'),
(279, 'set003', '400001589', '1'),
(280, 'set003', '400001933', '1'),
(281, 'set003', '400001990', '1'),
(282, 'set003', '400002595', '1'),
(283, 'set003', '400003070', '1'),
(284, 'set003', '400004204', '1'),
(285, 'set003', 'OR0622', '1');

-- --------------------------------------------------------

--
-- Table structure for table `standardsetor`
--

DROP TABLE IF EXISTS `standardsetor`;
CREATE TABLE IF NOT EXISTS `standardsetor` (
  `set_id` varchar(10) CHARACTER SET utf8mb4 COLLATE utf8mb4_unicode_ci NOT NULL,
  `set_name` varchar(20) CHARACTER SET utf8mb4 COLLATE utf8mb4_unicode_ci NOT NULL,
  `std_total` double NOT NULL DEFAULT '0',
  `std_status` tinyint(1) NOT NULL DEFAULT '1',
  PRIMARY KEY (`set_id`)
) ENGINE=InnoDB DEFAULT CHARSET=utf8mb4 COLLATE=utf8mb4_unicode_ci;

--
-- Dumping data for table `standardsetor`
--

INSERT INTO `standardsetor` (`set_id`, `set_name`, `std_total`, `std_status`) VALUES
('set001', 'ผ่าตัดม้าม', 0, 1),
('set002', 'หัวใจ', 0, 1),
('set003', 'ACDE', 0, 1),
('set004', 'ปอดบวม', 0, 1),
('set005', 'ตับแข็ง', 0, 1);

-- --------------------------------------------------------

--
-- Table structure for table `type_item`
--

DROP TABLE IF EXISTS `type_item`;
CREATE TABLE IF NOT EXISTS `type_item` (
  `type_id` int NOT NULL AUTO_INCREMENT,
  `description_th` varchar(512) CHARACTER SET utf8mb4 COLLATE utf8mb4_unicode_ci DEFAULT NULL,
  PRIMARY KEY (`type_id`)
) ENGINE=InnoDB AUTO_INCREMENT=18 DEFAULT CHARSET=utf8mb4 COLLATE=utf8mb4_unicode_ci;

--
-- Dumping data for table `type_item`
--

INSERT INTO `type_item` (`type_id`, `description_th`) VALUES
(1, 'หมวดที่ 2 ค่าอวัยวะเทียมและอุปกรณ์ในการบำบัดรักษาโรค'),
(2, 'หมวดที่ 3 ค่ายานอกบัญชียาหลักแห่งชาติ'),
(3, 'หมวดที่ 3 ค่ายาในบัญชียาหลักแห่งชาติ'),
(4, 'หมวดที่ 4 ค่ายากลับบ้าน'),
(5, 'หมวดที่ 5 ค่าเวชภัณฑ์มิใช่ยา เวชภัณฑ์ 1'),
(6, 'หมวดที่ 5 ค่าเวชภัณฑ์ที่มิใช่ยา เวชภัณฑ์ 2'),
(7, 'หมวดที่ 5 ค่าเวชภัณฑ์ที่มิใช่ยา เวชภัณฑ์ 3'),
(8, 'หมวดที่ 7 ค่าตรวจวินิจฉัยทางเทคนิคการแพทย์และพยาธิวิทยา'),
(9, 'หมวดที่ 8 ค่าตรวจวินิจฉัยและการรักษาทางรังสีวิทยาปกติ'),
(10, 'หมวดที่ 9 ค่าตรวจวินิจฉัยโดยวิธีพิเศษอื่นๆ'),
(11, 'หมวดที่ 11 ค่าทำหัตถการและวิสัญญี'),
(12, 'หมวดที่ 12 ค่าบริการผู้ป่วยนอก ในเวลาราชการ'),
(13, 'หมวดที่ 12 ค่าบริการทางการพยาบาล'),
(14, 'หมวดที่ 12 ค่าบริการผู้ป่วยนอก นอกเวลาราชการ'),
(15, 'หมวดที่ 16 ค่าบริการอื่นๆ ที่ไม่เกี่ยวกับการรักษาโดยตรง'),
(16, 'หมวดที่ 17 ค่าธรรมเนียมแพทย์และบุคลากรวิชาชีพ'),
(17, 'หมวดที่ 1 ค่าห้องและค่าอาหาร');

-- --------------------------------------------------------

--
-- Table structure for table `uc`
--

DROP TABLE IF EXISTS `uc`;
CREATE TABLE IF NOT EXISTS `uc` (
  `uc_id` varchar(10) CHARACTER SET utf8mb4 COLLATE utf8mb4_unicode_ci NOT NULL,
  `uc_name` varchar(20) CHARACTER SET utf8mb4 COLLATE utf8mb4_unicode_ci NOT NULL,
  PRIMARY KEY (`uc_id`)
) ENGINE=InnoDB DEFAULT CHARSET=utf8mb4 COLLATE=utf8mb4_unicode_ci;

--
-- Dumping data for table `uc`
--

INSERT INTO `uc` (`uc_id`, `uc_name`) VALUES
('UC001', 'ไม่มี'),
('UC002', 'UC'),
('UC003', 'OFC');

-- --------------------------------------------------------

--
-- Table structure for table `users`
--

DROP TABLE IF EXISTS `users`;
CREATE TABLE IF NOT EXISTS `users` (
  `user_id` varchar(12) COLLATE utf8mb4_unicode_ci NOT NULL,
  `user_fname` varchar(50) COLLATE utf8mb4_unicode_ci NOT NULL,
  `user_lname` varchar(50) COLLATE utf8mb4_unicode_ci NOT NULL,
  `username` varchar(50) COLLATE utf8mb4_unicode_ci NOT NULL,
  `password` varchar(100) CHARACTER SET utf8mb4 COLLATE utf8mb4_unicode_ci NOT NULL,
  `job` varchar(20) COLLATE utf8mb4_unicode_ci NOT NULL,
  `level` varchar(20) COLLATE utf8mb4_unicode_ci NOT NULL,
  PRIMARY KEY (`user_id`)
) ENGINE=MyISAM DEFAULT CHARSET=utf8mb4 COLLATE=utf8mb4_unicode_ci;

--
-- Dumping data for table `users`
--

INSERT INTO `users` (`user_id`, `user_fname`, `user_lname`, `username`, `password`, `job`, `level`) VALUES
('USER001', 'กฤษณพล', 'เกษมสุภัค', 'admin', '21232f297a57a5a743894a0e4a801fc3', 'ผู้ช่วยพยาบาล', 'master'),
('USER002', 'เขมณี', 'แช่จาง', 'test', '202cb962ac59075b964b07152d234b70\r\n', 'ผู้ช่วยพยาบาล', 'admin'),
('USER003', 'ใจพิสุทธิ์', 'เทวพรม', 'ืuser1', '202cb962ac59075b964b07152d234b70\r\n', 'ผู้ช่วยพยาบาล', 'user');

-- --------------------------------------------------------

--
-- Table structure for table `visit`
--

DROP TABLE IF EXISTS `visit`;
CREATE TABLE IF NOT EXISTS `visit` (
  `HN_id` int NOT NULL AUTO_INCREMENT,
  `visit_name` varchar(20) CHARACTER SET utf8mb4 COLLATE utf8mb4_unicode_ci NOT NULL,
  `visit_iden` varchar(15) CHARACTER SET utf8mb4 COLLATE utf8mb4_unicode_ci NOT NULL,
  `visit_address` text CHARACTER SET utf8mb4 COLLATE utf8mb4_unicode_ci NOT NULL,
  `visit_tel` varchar(12) CHARACTER SET utf8mb4 COLLATE utf8mb4_unicode_ci NOT NULL,
  `uc_id` varchar(10) CHARACTER SET utf8mb4 COLLATE utf8mb4_unicode_ci NOT NULL,
  PRIMARY KEY (`HN_id`),
  KEY `uc_id` (`uc_id`)
) ENGINE=InnoDB AUTO_INCREMENT=4 DEFAULT CHARSET=utf8mb4 COLLATE=utf8mb4_unicode_ci;

--
-- Dumping data for table `visit`
--

INSERT INTO `visit` (`HN_id`, `visit_name`, `visit_iden`, `visit_address`, `visit_tel`, `uc_id`) VALUES
(1, 'นายวิชัย', '1570301196676', '99/3 อ.เชียงของ จ.้ชียงราย 57140', '0642564645', 'UC001'),
(2, 'กฤษณพล เกษมสุภัค', '1570301196676', '159/3 อ.ชัยประการ จ.เชียงใหม่ 57400', '0936515690', 'UC003'),
(3, 'ฟร้องฟู', '1570301196675', '99/3', '0936515690', 'UC001');

--
-- Constraints for dumped tables
--

--
-- Constraints for table `docdetail`
--
ALTER TABLE `docdetail`
  ADD CONSTRAINT `docdetail_ibfk_1` FOREIGN KEY (`doc_id`) REFERENCES `docestimate` (`doc_id`) ON DELETE CASCADE ON UPDATE CASCADE;

--
-- Constraints for table `docestimate`
--
ALTER TABLE `docestimate`
  ADD CONSTRAINT `docestimate_ibfk_2` FOREIGN KEY (`doc_privacy`) REFERENCES `uc` (`uc_id`);

--
-- Constraints for table `set_detail`
--
ALTER TABLE `set_detail`
  ADD CONSTRAINT `set_detail_ibfk_2` FOREIGN KEY (`set_id`) REFERENCES `standardsetor` (`set_id`) ON DELETE CASCADE ON UPDATE CASCADE,
  ADD CONSTRAINT `set_detail_ibfk_3` FOREIGN KEY (`item_code`) REFERENCES `item` (`item_code`) ON DELETE CASCADE ON UPDATE CASCADE;

--
-- Constraints for table `visit`
--
ALTER TABLE `visit`
  ADD CONSTRAINT `visit_ibfk_1` FOREIGN KEY (`uc_id`) REFERENCES `uc` (`uc_id`);
COMMIT;

/*!40101 SET CHARACTER_SET_CLIENT=@OLD_CHARACTER_SET_CLIENT */;
/*!40101 SET CHARACTER_SET_RESULTS=@OLD_CHARACTER_SET_RESULTS */;
/*!40101 SET COLLATION_CONNECTION=@OLD_COLLATION_CONNECTION */;
